mold_name,size,cavity,mold_number,gray_behco,silent_behco,cycle
زانو 45 درجه,50,2,230245.1,855361502,855361602,75
زانو 45 درجه,50,8,230245.2,855361502,855361602,75
زانو 87 درجه,50,2,230287.1,855361506,855361606,83
زانو 87 درجه,50,8,230287.2,855361506,855361606,83
زانو 45 درجه,63,2,230345.1,,855361510,52
زانو 45 درجه,63,2,230345.2,,855361510,52
زانو 87 درجه,63,2,230387.1,,855361514,60
زانو 87 درجه,63,4,230387.2,,855361514,60
زانو 45 درجه,75,8,230445.2,855361518,855361618,85
زانو 87 درجه,75,2,230447.1,855361522,855361622,75
زانو 45 درجه,90,2,230545.1,,855361526,78
زانو 87 درجه,90,2,230587.1,,855361530,95
زانو 45 درجه,110,1,230645.1,855361534,855361634,175
زانو 45 درجه,110,2,230645.2,855361534,855361634,175
زانو 45 درجه,110,8,230645.3,855361534,855361634,175
زانو 87 درجه,110,1,230687.2,855361538,855361638,87
زانو 45 درجه,125,1,230745.1,855361542,855361642,90
زانو 87 درجه,125,1,230787.1,855361546,855361646,115
زانو 45 درجه,160,1,230845.1,855361550,855361650,118
زانو 87 درجه,160,1,230887.1,855361554,855361654,117
سه راه 45 درجه,50,2,242220.1,855362102,855362202,65
سه راه 45 درجه,50,2,242220.2,855362102,855362202,65
سه راه 87 درجه,50,2,240220.2,855361902,855362002,78
سه راه 87 درجه,50,2,240220.3,855361902,855362002,78
سه راه 45 درجه,63,1,242330.1,,855362110,84
سه راه 45 درجه,63,2,242330.2,,855362110,84
سه راه 87 درجه,63,2,240330.1,,855361910,67
سه راه 45 درجه,75,2,242440.1,855362118,855362218,93
سه راه 45 درجه,75,2,242440.2,855362118,855362218,93
سه راه 45 درجه,75,2,242440.3,855362118,855362218,93
سه راه 87 درجه,75,2,240440.1,855361922,855362022,63
سه راه 87 درجه,75,1,240440.2,855361922,855362022,63
سه راه 45 درجه,90,1,242550.1,,855362126,80
سه راه 87 درجه,90,1,240550.1,,855361934,70
سه راه 45 درجه,110,1,242660.2,855362146,855362246,95
سه راه 45 درجه,110,1,242660.3,855362146,855362246,95
سه راه 87 درجه,110,1,240660.1,855361950,855362050,115
سه راه 45 درجه,125,1,242770.1,855362154,855362254,125
سه راه 87 درجه,125,1,240770.1,855361958,855362058,112
سه راه 45 درجه,160,1,242880.1,855362166,855362266,180
سه راه 87 درجه,160,1,240880.1,855361970,855362070,145
سه راه 45 درجه,63*50,2,242320.1,,855362106,70
سه راه 87 درجه,63*50,2,240320.2,,855361906,90
سه راه 87 درجه,63*50,2,240320.1,,855361906,90
سه راه 45 درجه,75*50,2,242420.1,855362114,855362214,72
سه راه 87 درجه,75*50,2,240420.1,855361914,855362014,75
سه راه 87 درجه,75*63,2,240430.1,,855361918,75
سه راه 45 درجه,90*63,1,242530.1,,855362122,88
سه راه 87 درجه,90*63,1,240530.1,,855361926,90
سه راه 45 درجه,110*50,1,242620.1,855362130,855362230,85
سه راه 87 درجه,110*50,1,240620.1,855361938,855362038,90
سه راه 87 درجه,110*50,1,240620.2,855361938,855362038,90
سه راه 45 درجه,110*63,1,242630.1,,855362134,93
سه راه 87 درجه,110*63,1,240630.1,,855361942,85
سه راه 45 درجه,110*75,1,242640.1,855362138,855362238,98
سه راه 45 درجه,110*75,1,242640.2,855362138,855362238,98
سه راه 45 درجه,110*90,1,242650.1,,855362142,105
سه راه 87 درجه,110*90,1,240650.1,,855361946,100
سه راه 45 درجه,125*110,1,242760.1,855362150,855362250,100
سه راه 87 درجه,125*110,1,240760.1,855361954,855362054,120
سه راه 45 درجه,160*110,1,242860.1,855362158,855362258,145
سه راه 87 درجه,160*110,1,240860.1,855361962,855362062,115
سه راه 45 درجه,160*125,1,242870.1,855362162,855362262,120
سه راه 87 درجه,160*125,1,240870.1,855361966,855362066,121
سوکت,50,2,220200.2,855361102,855361202,70
سوکت,63,1,220300.1,,855361106,50
سوکت,75,2,220400.1,855361110,855361210,72
سوکت,90,1,220500.1,,855361114,65
سوکت,110,1,220600.1,855361118,855361218,90
سوکت,125,1,220700.1,855361122,855361222,82
سوکت,160,1,220800.1,855361126,855361226,140
کاهنده,63*50,2,226320.2,,855361342,53
کاهنده,63*75,2,226430.1,,855361350,63
کاهنده,75*50,2,226420.2,855361346,855361446,72
کاهنده,90*63,2,226530.1,,855361354,90
کاهنده,110*50,2,226620.1,855361358,855361458,60
کاهنده,110*63,1,226630.1,,855361362,85
کاهنده,110*75,2,226640.1,855361366,855361466,100
کاهنده,110*90,1,226650.1,,855361370,105
کاهنده,125*110,1,226760.1,855361374,855361474,95
کاهنده,160*110,1,226860.1,855361378,855361478,115
کاهنده,160*125,1,226870.1,855361382,855361482,115
پوسته دریچه بازدید,125,1,265700.1,855362514,855362610,90
پوسته دریچه بازدید,160,1,265800.1,855362518,855362614,125
پوسته دریچه بازدید,75,2,265400.1,855362502,855362602,90
پوسته دریچه بازدید,90,1,265500.1,,855362506,85
پوسته دریچه بازدید,110,2,265600.2,855362510,855362606,95
دری دریچه بازدید,75,4,261420.1,855372155,855372152,100
دری دریچه بازدید,90,4,261500.1,,855372113,88
دری دریچه بازدید,110,2,261610.4,855362510,855362706,95
دری دریچه بازدید ,125و160,2,261615.3,855372107,855474490,95
انشعاب دوبل,110,1,251666.1,,855362510,118
ونتدار45 درجه,63*63*50,2,233345.2,,855361702,80
ونتدار87 درجه,63*63*50,2,233387.2,,855361706,80
ونتدار45 درجه,110*110*50,1,233645.1,855361710,855361810,95
ونتدار 87 درجه,110*110*50,1,233687.1,855361714,855361814,95
سیفون,63*50,1,270200.1,,855474406,75
سیفون,75*75,1,227400.1,855474420,855474329,90
سیفون,75*50,1,227100.1,855474399,855474322,79
سیفون,75*63,1,227200.1,,855474406,75
سیفون,90,1,270500.1,,855474427,90
سیفون,110,1,270600.1,855474434,855474336,135
سیفون,125*110,1,270600.2,855474434,855474336,135
درپوش نیوفلکس,50,4,260200.1,855362302,855362402,50
درپوش نیوفلکس,63,4,260300.1,,855362306,56
درپوش نیوفلکس,75,2,260400.1,855362310,855362410,67
درپوش نیوفلکس,90,2,260500.1,,855362314,65
درپوش نیوفلکس,110,1,260600.1,855362318,855362418,60
درپوش نیوفلکس,125,1,260700.1,855362322,855362422,65
درپوش نیوفلکس,160,1,261600.1,855362326,855362426,98
دری لوله,50,8,253220.1,,807281785,35
دری لوله,50,8,253220.1,,807281788,35
دری لوله,63,4,253320.1,,807281794,40
دری لوله,63,4,253320.1,,807281797,40
دری لوله,75,4,253420.1,,807281803,45
دری لوله,75,4,253420.1,,807281806,45
دری لوله,90,3,253520.1,,807281812,40
دری لوله,90,3,253520.1,,807281815,40
دری لوله,110,2,253620.1,,807281821,50
دری لوله,110,2,253620.1,,807281824,50
دری لوله,125,1,253720.1,,807281830,65
دری لوله,125,1,253720.1,,807281833,65
دری لوله,160,1,253820.1,,807281839,65
محافظ اورینگ,50,8,252220.1,,807281722,45
محافظ اورینگ,50,8,252220.1,,807281725,45
محافظ اورینگ,63,4,252320.1,,807281731,82
محافظ اورینگ,63,4,252320.1,,807281734,82
محافظ اورینگ,75,4,252420.1,,807281740,40
محافظ اورینگ,75,4,252420.1,,807281743,40
محافظ اورینگ ,90,3,252520.1,,807281749,36
محافظ اورینگ ,90,3,252520.1,,807281752,36
محافظ اورینگ ,110,2,252620.1,,807281758,42
محافظ اورینگ ,110,2,252620.1,,807281761,42
محافظ اورینگ ,110,4,252620.2,,807281758,42
محافظ اورینگ ,110,4,252620.2,,807281761,42
محافظ اورینگ,125,1,252720.1,,807281767,60
محافظ اورینگ,125,1,252720.1,,807281770,60
محافظ اورینگ,160,1,252820.1,,807281776,75
کلیبس50,50,2,254240.1,,807281779,40
کلیبس63,63,2,254340.1,,149695463,40
کلیبس75,75,2,254440.1,,149695498,40
کلیبس90,90,2,254540.1,,149695501,50
کلیبس110,110,1,254640.1,,149695470,47
کلیبس110,110,2,254640.2,,149695470,47
کلیبس125,125,1,254740.1,,149695475,60
کلیبس160,160,1,254840.1,,149695504,55
زانو جهت سیفون,50,2,224200.1,855474343,855474378,70
زانو جهت سیفون,63,2,224300.1,,855474350,70
زانو جهت سیفون,75,2,224400.1,855474357,855474385,59
دریچه سیخ زن,75,2,262420.1,855372116,855372161,90
دریچه سیخ زن,110,2,262620.1,855372131,855372134,110
کلیپس لوله,50,2,254240.2,,149695450,40
کلیپس لوله,63,2,254340.2,,149695463,40
سیفون کوتاه110,110,1,363254.1,,855363254,105
سیفون کوتاه75,75,1,363252.1,,855363252,98
کشویی مجموع سیفون,110*75*50,4,474498.1,,855474498,70
منهول سیفون 87درجه,110*75*50,1,363250.1,,855363250,100
سه راه 87 درجه,110*75,1,240640.1,,855361944,90
سه راه 45 درجه,110*75,2,242640.3,855362138,855362238,98
سه راه 45 درجه,110,1,242660.4,855362146,855362246,95
سه راه 45 درجه,110*50,2,242620.2,855362130,855362230,85
سه راه 45 درجه,50,2,242220.3,855362102,855362202,65
سه راه 45 درجه,63,2,242330.3,,855362110,84
سه راه 87 درجه,63,2,240330.2,,855361910,67
زانو 45 درجه,50,8,230245.3,855361502,855361602,75
سه راه 45 درجه,125*110,1,242760.2,855362150,855362250,100
سه راه 45 درجه,110*63,2,242630.2,,855362134,93
سوکت ,110,2,220600.1,855361118,855361218,90
محافظ اورینگ,160,1,252820.1,,807281779,75
محافظ اورینگ,50,8,252220.2,,807281722,45
دری دریچه بازدید,110,2,261615.5,807281725,855474483,95
محافظ اورینگ,50,8,252220.2,,807281725,45
دری لوله ,160,1,253820.1,,807281842,65
