StuffKey,StuffCode,StuffName,BrandProductTitle,GroupProductTitle,ProductCode,StockGroupTitle,StockRoomTitle,ClassNameL1,ClassNameL2
32758,837121050,لوله فاضلابی پوشفیت یکسرسوکت  50-150 گروه B,نیوفلکس,لوله و اتصالات فاضلابی پوش فیت,121050,"بسته لوله نیوفلکس
",محصولات فوم,لوله های فاضلابی پلی پروپیلن,لوله فاضلابی پلی پروپیلن B-150
32759,837121063,لوله فاضلابی پوشفیت یکسرسوکت 63-150 گروه B,نیوفلکس,لوله و اتصالات فاضلابی پوش فیت,121063,"بسته لوله نیوفلکس
",محصولات فوم,لوله های فاضلابی پلی پروپیلن,لوله فاضلابی پلی پروپیلن B-150
32760,837121075,لوله فاضلابی پوشفیت یکسرسوکت 75-150 گروه B,نیوفلکس,لوله و اتصالات فاضلابی پوش فیت,121075,"بسته لوله نیوفلکس
",محصولات فوم,لوله های فاضلابی پلی پروپیلن,لوله فاضلابی پلی پروپیلن B-150
32761,837121090,لوله فاضلابی پوشفیت یکسرسوکت 90-150 گروه B,نیوفلکس,لوله و اتصالات فاضلابی پوش فیت,121090,"بسته لوله نیوفلکس
",محصولات فوم,لوله های فاضلابی پلی پروپیلن,لوله فاضلابی پلی پروپیلن B-150
32762,837121110,لوله فاضلابی پوشفیت یکسرسوکت 110-150 گروه B,نیوفلکس,لوله و اتصالات فاضلابی پوش فیت,121110,"بسته لوله نیوفلکس
",محصولات فوم,لوله های فاضلابی پلی پروپیلن,لوله فاضلابی پلی پروپیلن B-150
32763,837141050,لوله فاضلابی پوشفیت یکسرسوکت 50-250 گروه B,نیوفلکس,لوله و اتصالات فاضلابی پوش فیت,141050,"بسته لوله نیوفلکس
",محصولات فوم,لوله های فاضلابی پلی پروپیلن,لوله فاضلابی پلی پروپیلن B-250
32764,837141063,لوله فاضلابی پوشفیت یکسرسوکت 63-250 گروه B,نیوفلکس,لوله و اتصالات فاضلابی پوش فیت,141063,"بسته لوله نیوفلکس
",محصولات فوم,لوله های فاضلابی پلی پروپیلن,لوله فاضلابی پلی پروپیلن B-250
32765,837141075,لوله فاضلابی پوشفیت یکسرسوکت 75-250  گروه B,نیوفلکس,لوله و اتصالات فاضلابی پوش فیت,141075,"بسته لوله نیوفلکس
",محصولات فوم,لوله های فاضلابی پلی پروپیلن,لوله فاضلابی پلی پروپیلن B-250
32766,837141090,لوله فاضلابی پوشفیت یکسرسوکت 90-250 گروه B,نیوفلکس,لوله و اتصالات فاضلابی پوش فیت,141090,"بسته لوله نیوفلکس
",محصولات فوم,لوله های فاضلابی پلی پروپیلن,لوله فاضلابی پلی پروپیلن B-250
32767,837141110,لوله فاضلابی پوشفیت یکسرسوکت 110-250 گروه B,نیوفلکس,لوله و اتصالات فاضلابی پوش فیت,141110,"بسته لوله نیوفلکس
",محصولات فوم,لوله های فاضلابی پلی پروپیلن,لوله فاضلابی پلی پروپیلن B-250
32768,837141125,لوله فاضلابی پوشفیت یکسرسوکت 125-250  گروه B,نیوفلکس,لوله و اتصالات فاضلابی پوش فیت,141125,"بسته لوله نیوفلکس
",محصولات فوم,لوله های فاضلابی پلی پروپیلن,لوله فاضلابی پلی پروپیلن B-250
32769,837141160,لوله فاضلابی پوشفیت یکسرسوکت 160-250  گروه B,نیوفلکس,لوله و اتصالات فاضلابی پوش فیت,141160,"بسته لوله نیوفلکس
",محصولات فوم,لوله های فاضلابی پلی پروپیلن,لوله فاضلابی پلی پروپیلن B-250
32770,837161050,لوله فاضلابی پوشفیت یکسرسوکت 50-500 گروه B,نیوفلکس,لوله و اتصالات فاضلابی پوش فیت,161050,"بسته لوله نیوفلکس
",محصولات فوم,لوله های فاضلابی پلی پروپیلن,لوله فاضلابی پلی پروپیلن B-500
32771,837161063,لوله فاضلابی پوشفیت یکسرسوکت 63-500  گروه B,نیوفلکس,لوله و اتصالات فاضلابی پوش فیت,161063,"بسته لوله نیوفلکس
",محصولات فوم,لوله های فاضلابی پلی پروپیلن,لوله فاضلابی پلی پروپیلن B-500
32772,837161075,لوله فاضلابی پوشفیت یکسرسوکت 75-500  گروه B,نیوفلکس,لوله و اتصالات فاضلابی پوش فیت,161075,"بسته لوله نیوفلکس
",محصولات فوم,لوله های فاضلابی پلی پروپیلن,لوله فاضلابی پلی پروپیلن B-500
32773,837161090,لوله فاضلابی پوشفیت یکسرسوکت 90-500  گروه B,نیوفلکس,لوله و اتصالات فاضلابی پوش فیت,161090,"بسته لوله نیوفلکس
",محصولات فوم,لوله های فاضلابی پلی پروپیلن,لوله فاضلابی پلی پروپیلن B-500
32774,837161110,لوله فاضلابی پوشفیت یکسرسوکت 110-500  گروه B,نیوفلکس,لوله و اتصالات فاضلابی پوش فیت,161110,"بسته لوله نیوفلکس
",محصولات فوم,لوله های فاضلابی پلی پروپیلن,لوله فاضلابی پلی پروپیلن B-500
32775,837161125,لوله فاضلابی پوشفیت یکسرسوکت 125-500  گروه B,نیوفلکس,لوله و اتصالات فاضلابی پوش فیت,161125,"بسته لوله نیوفلکس
",محصولات فوم,لوله های فاضلابی پلی پروپیلن,لوله فاضلابی پلی پروپیلن B-500
32776,837161160,لوله فاضلابی پوشفیت یکسرسوکت 160-500 گروه B,نیوفلکس,لوله و اتصالات فاضلابی پوش فیت,161160,"بسته لوله نیوفلکس
",محصولات فوم,لوله های فاضلابی پلی پروپیلن,لوله فاضلابی پلی پروپیلن B-500
32777,837162050,لوله فاضلابی پوشفیت دوسرسوکت 50-500 گروه B,نیوفلکس,لوله و اتصالات فاضلابی پوش فیت,162050,"بسته لوله نیوفلکس
",محصولات فوم,لوله های فاضلابی پلی پروپیلن,لوله فاضلابی پلی پروپیلن B-500
32778,837162063,لوله فاضلابی پوشفیت دوسرسوکت 63-500  گروه B,نیوفلکس,لوله و اتصالات فاضلابی پوش فیت,162063,"بسته لوله نیوفلکس
",محصولات فوم,لوله های فاضلابی پلی پروپیلن,لوله فاضلابی پلی پروپیلن B-500
32779,837162075,لوله فاضلابی پوشفیت دوسرسوکت 75-500  گروه B,نیوفلکس,لوله و اتصالات فاضلابی پوش فیت,162075,"بسته لوله نیوفلکس
",محصولات فوم,لوله های فاضلابی پلی پروپیلن,لوله فاضلابی پلی پروپیلن B-500
32780,837162090,لوله فاضلابی پوشفیت دوسرسوکت 90-500  گروه B,نیوفلکس,لوله و اتصالات فاضلابی پوش فیت,162090,"بسته لوله نیوفلکس
",محصولات فوم,لوله های فاضلابی پلی پروپیلن,لوله فاضلابی پلی پروپیلن B-500
32781,837162110,لوله فاضلابی پوشفیت دوسرسوکت 110-500  گروه B,نیوفلکس,لوله و اتصالات فاضلابی پوش فیت,162110,"بسته لوله نیوفلکس
",محصولات فوم,لوله های فاضلابی پلی پروپیلن,لوله فاضلابی پلی پروپیلن B-500
32782,837162125,لوله فاضلابی پوشفیت دوسرسوکت 125-500  گروه B,نیوفلکس,لوله و اتصالات فاضلابی پوش فیت,162125,"بسته لوله نیوفلکس
",محصولات فوم,لوله های فاضلابی پلی پروپیلن,لوله فاضلابی پلی پروپیلن B-500
32783,837162160,لوله فاضلابی پوشفیت دوسرسوکت 160-500  گروه B,نیوفلکس,لوله و اتصالات فاضلابی پوش فیت,162160,"بسته لوله نیوفلکس
",محصولات فوم,لوله های فاضلابی پلی پروپیلن,لوله فاضلابی پلی پروپیلن B-500
32784,837181050,لوله فاضلابی پوشفیت یکسرسوکت 50-1000 گروه B,نیوفلکس,لوله و اتصالات فاضلابی پوش فیت,181050,"بسته لوله نیوفلکس
",محصولات فوم,لوله های فاضلابی پلی پروپیلن,لوله فاضلابی پلی پروپیلن B-1000
32785,837181063,لوله فاضلابی پوشفیت یکسرسوکت 63-1000  گروه B,نیوفلکس,لوله و اتصالات فاضلابی پوش فیت,181063,"بسته لوله نیوفلکس
",محصولات فوم,لوله های فاضلابی پلی پروپیلن,لوله فاضلابی پلی پروپیلن B-1000
32786,837181075,لوله فاضلابی پوشفیت یکسرسوکت 75-1000  گروه B,نیوفلکس,لوله و اتصالات فاضلابی پوش فیت,181075,"بسته لوله نیوفلکس
",محصولات فوم,لوله های فاضلابی پلی پروپیلن,لوله فاضلابی پلی پروپیلن B-1000
32787,837181090,لوله فاضلابی پوشفیت یکسرسوکت 90-1000  گروه B,نیوفلکس,لوله و اتصالات فاضلابی پوش فیت,181090,"بسته لوله نیوفلکس
",محصولات فوم,لوله های فاضلابی پلی پروپیلن,لوله فاضلابی پلی پروپیلن B-1000
32788,837181110,لوله فاضلابی پوشفیت یکسرسوکت 110-1000  گروه B,نیوفلکس,لوله و اتصالات فاضلابی پوش فیت,181110,"بسته لوله نیوفلکس
",محصولات فوم,لوله های فاضلابی پلی پروپیلن,لوله فاضلابی پلی پروپیلن B-1000
32789,837181125,لوله فاضلابی پوشفیت یکسرسوکت 125-1000  گروه B,نیوفلکس,لوله و اتصالات فاضلابی پوش فیت,181125,"بسته لوله نیوفلکس
",محصولات فوم,لوله های فاضلابی پلی پروپیلن,لوله فاضلابی پلی پروپیلن B-1000
32790,837181160,لوله فاضلابی پوشفیت یکسرسوکت 160-1000  گروه B,نیوفلکس,لوله و اتصالات فاضلابی پوش فیت,181160,"بسته لوله نیوفلکس
",محصولات فوم,لوله های فاضلابی پلی پروپیلن,لوله فاضلابی پلی پروپیلن B-1000
32791,837182050,لوله فاضلابی پوشفیت دوسرسوکت 50-1000 گروه B,نیوفلکس,لوله و اتصالات فاضلابی پوش فیت,182050,"بسته لوله نیوفلکس
",محصولات فوم,لوله های فاضلابی پلی پروپیلن,لوله فاضلابی پلی پروپیلن B-1000
32792,837182063,لوله فاضلابی پوشفیت دوسرسوکت 63-1000  گروه B,نیوفلکس,لوله و اتصالات فاضلابی پوش فیت,182063,"بسته لوله نیوفلکس
",محصولات فوم,لوله های فاضلابی پلی پروپیلن,لوله فاضلابی پلی پروپیلن B-1000
32793,837182075,لوله فاضلابی پوشفیت دوسرسوکت 75-1000 گروه B,نیوفلکس,لوله و اتصالات فاضلابی پوش فیت,182075,"بسته لوله نیوفلکس
",محصولات فوم,لوله های فاضلابی پلی پروپیلن,لوله فاضلابی پلی پروپیلن B-1000
32794,837182090,لوله فاضلابی پوشفیت دوسرسوکت 90-1000  گروه B,نیوفلکس,لوله و اتصالات فاضلابی پوش فیت,182090,"بسته لوله نیوفلکس
",محصولات فوم,لوله های فاضلابی پلی پروپیلن,لوله فاضلابی پلی پروپیلن B-1000
32795,837182110,لوله فاضلابی پوشفیت دوسرسوکت 110-1000 گروه B,نیوفلکس,لوله و اتصالات فاضلابی پوش فیت,182110,"بسته لوله نیوفلکس
",محصولات فوم,لوله های فاضلابی پلی پروپیلن,لوله فاضلابی پلی پروپیلن B-1000
32796,837182125,لوله فاضلابی پوشفیت دوسرسوکت 125-1000  گروه B,نیوفلکس,لوله و اتصالات فاضلابی پوش فیت,182125,"بسته لوله نیوفلکس
",محصولات فوم,لوله های فاضلابی پلی پروپیلن,لوله فاضلابی پلی پروپیلن B-1000
32797,837182160,لوله فاضلابی پوشفیت دوسرسوکت 160-1000 گروه B,نیوفلکس,لوله و اتصالات فاضلابی پوش فیت,182160,"بسته لوله نیوفلکس
",محصولات فوم,لوله های فاضلابی پلی پروپیلن,لوله فاضلابی پلی پروپیلن B-1000
32798,837201050,لوله فاضلابی پوشفیت یکسرسوکت 50-2000 گروه B,نیوفلکس,لوله و اتصالات فاضلابی پوش فیت,201050,"بسته لوله نیوفلکس
",محصولات فوم,لوله های فاضلابی پلی پروپیلن,لوله فاضلابی پلی پروپیلن B-2000
32799,837201063,لوله فاضلابی پوشفیت یکسرسوکت 63-2000 گروه B,نیوفلکس,لوله و اتصالات فاضلابی پوش فیت,201063,"بسته لوله نیوفلکس
",محصولات فوم,لوله های فاضلابی پلی پروپیلن,لوله فاضلابی پلی پروپیلن B-2000
32800,837201075,لوله فاضلابی پوشفیت یکسرسوکت 75-2000 گروه B,نیوفلکس,لوله و اتصالات فاضلابی پوش فیت,201075,"بسته لوله نیوفلکس
",محصولات فوم,لوله های فاضلابی پلی پروپیلن,لوله فاضلابی پلی پروپیلن B-2000
32801,837201090,لوله فاضلابی پوشفیت یکسرسوکت 90-2000 گروه B,نیوفلکس,لوله و اتصالات فاضلابی پوش فیت,201090,"بسته لوله نیوفلکس
",محصولات فوم,لوله های فاضلابی پلی پروپیلن,لوله فاضلابی پلی پروپیلن B-2000
32802,837201110,لوله فاضلابی پوشفیت یکسرسوکت 110-2000  گروه B,نیوفلکس,لوله و اتصالات فاضلابی پوش فیت,201110,"بسته لوله نیوفلکس
",محصولات فوم,لوله های فاضلابی پلی پروپیلن,لوله فاضلابی پلی پروپیلن B-2000
32803,837201125,لوله فاضلابی پوشفیت یکسرسوکت 125-2000 گروه B,نیوفلکس,لوله و اتصالات فاضلابی پوش فیت,201125,"بسته لوله نیوفلکس
",محصولات فوم,لوله های فاضلابی پلی پروپیلن,لوله فاضلابی پلی پروپیلن B-2000
32804,837201160,لوله فاضلابی پوشفیت یکسرسوکت 160-2000  گروه B,نیوفلکس,لوله و اتصالات فاضلابی پوش فیت,201160,"بسته لوله نیوفلکس
",محصولات فوم,لوله های فاضلابی پلی پروپیلن,لوله فاضلابی پلی پروپیلن B-2000
32805,837202050,لوله فاضلابی پوشفیت دوسرسوکت 50-2000 گروه B,نیوفلکس,لوله و اتصالات فاضلابی پوش فیت,202050,"بسته لوله نیوفلکس
",محصولات فوم,لوله های فاضلابی پلی پروپیلن,لوله فاضلابی پلی پروپیلن B-2000
32806,837202063,لوله فاضلابی پوشفیت دوسرسوکت 63-2000 گروه B,نیوفلکس,لوله و اتصالات فاضلابی پوش فیت,202063,"بسته لوله نیوفلکس
",محصولات فوم,لوله های فاضلابی پلی پروپیلن,لوله فاضلابی پلی پروپیلن B-2000
32807,837202075,لوله فاضلابی پوشفیت دوسرسوکت 75-2000  گروه B,نیوفلکس,لوله و اتصالات فاضلابی پوش فیت,202075,"بسته لوله نیوفلکس
",محصولات فوم,لوله های فاضلابی پلی پروپیلن,لوله فاضلابی پلی پروپیلن B-2000
32808,837202090,لوله فاضلابی پوشفیت دوسرسوکت 90-2000  گروه B,نیوفلکس,لوله و اتصالات فاضلابی پوش فیت,202090,"بسته لوله نیوفلکس
",محصولات فوم,لوله های فاضلابی پلی پروپیلن,لوله فاضلابی پلی پروپیلن B-2000
32809,837202110,لوله فاضلابی پوشفیت دوسرسوکت 110-2000 گروه B,نیوفلکس,لوله و اتصالات فاضلابی پوش فیت,202110,"بسته لوله نیوفلکس
",محصولات فوم,لوله های فاضلابی پلی پروپیلن,لوله فاضلابی پلی پروپیلن B-2000
32810,837202125,لوله فاضلابی پوشفیت دوسرسوکت 125-2000 گروه B,نیوفلکس,لوله و اتصالات فاضلابی پوش فیت,202125,"بسته لوله نیوفلکس
",محصولات فوم,لوله های فاضلابی پلی پروپیلن,لوله فاضلابی پلی پروپیلن B-2000
32811,837202160,لوله فاضلابی پوشفیت دوسرسوکت 160-2000  گروه B,نیوفلکس,لوله و اتصالات فاضلابی پوش فیت,202160,"بسته لوله نیوفلکس
",محصولات فوم,لوله های فاضلابی پلی پروپیلن,لوله فاضلابی پلی پروپیلن B-2000
32812,837221050,لوله فاضلابی پوشفیت یکسرسوکت 50-3000 گروه B,نیوفلکس,لوله و اتصالات فاضلابی پوش فیت,221050,"بسته لوله نیوفلکس
",محصولات فوم,لوله های فاضلابی پلی پروپیلن,لوله فاضلابی پلی پروپیلن B-3000
32813,837221063,لوله فاضلابی پوشفیت یکسرسوکت 63-3000  گروه B,نیوفلکس,لوله و اتصالات فاضلابی پوش فیت,221063,"بسته لوله نیوفلکس
",محصولات فوم,لوله های فاضلابی پلی پروپیلن,لوله فاضلابی پلی پروپیلن B-3000
32814,837221075,لوله فاضلابی پوشفیت یکسرسوکت 75-3000 گروه B,نیوفلکس,لوله و اتصالات فاضلابی پوش فیت,221075,"بسته لوله نیوفلکس
",محصولات فوم,لوله های فاضلابی پلی پروپیلن,لوله فاضلابی پلی پروپیلن B-3000
32815,837221090,لوله فاضلابی پوشفیت یکسرسوکت 90-3000  گروه B,نیوفلکس,لوله و اتصالات فاضلابی پوش فیت,221090,"بسته لوله نیوفلکس
",محصولات فوم,لوله های فاضلابی پلی پروپیلن,لوله فاضلابی پلی پروپیلن B-3000
32816,837221110,لوله فاضلابی پوشفیت یکسرسوکت 110-3000 گروه B,نیوفلکس,لوله و اتصالات فاضلابی پوش فیت,221110,"بسته لوله نیوفلکس
",محصولات فوم,لوله های فاضلابی پلی پروپیلن,لوله فاضلابی پلی پروپیلن B-3000
32817,837221125,لوله فاضلابی پوشفیت یکسرسوکت 125-3000 گروه B,نیوفلکس,لوله و اتصالات فاضلابی پوش فیت,221125,"بسته لوله نیوفلکس
",محصولات فوم,لوله های فاضلابی پلی پروپیلن,لوله فاضلابی پلی پروپیلن B-3000
32818,837221160,لوله فاضلابی پوشفیت یکسرسوکت 160-3000  گروه B,نیوفلکس,لوله و اتصالات فاضلابی پوش فیت,221160,"بسته لوله نیوفلکس
",محصولات فوم,لوله های فاضلابی پلی پروپیلن,لوله فاضلابی پلی پروپیلن B-3000
32819,837222050,لوله فاضلابی پوشفیت دوسرسوکت 50-3000 گروه B,نیوفلکس,لوله و اتصالات فاضلابی پوش فیت,222050,"بسته لوله نیوفلکس
",محصولات فوم,لوله های فاضلابی پلی پروپیلن,لوله فاضلابی پلی پروپیلن B-3000
32820,837222063,لوله فاضلابی پوشفیت دوسرسوکت 63-3000  گروه B,نیوفلکس,لوله و اتصالات فاضلابی پوش فیت,222063,"بسته لوله نیوفلکس
",محصولات فوم,لوله های فاضلابی پلی پروپیلن,لوله فاضلابی پلی پروپیلن B-3000
32821,837222075,لوله فاضلابی پوشفیت دوسرسوکت 75-3000  گروه B,نیوفلکس,لوله و اتصالات فاضلابی پوش فیت,222075,"بسته لوله نیوفلکس
",محصولات فوم,لوله های فاضلابی پلی پروپیلن,لوله فاضلابی پلی پروپیلن B-3000
32822,837222090,لوله فاضلابی پوشفیت دوسرسوکت 90-3000 گروه B,نیوفلکس,لوله و اتصالات فاضلابی پوش فیت,222090,"بسته لوله نیوفلکس
",محصولات فوم,لوله های فاضلابی پلی پروپیلن,لوله فاضلابی پلی پروپیلن B-3000
32823,837222110,لوله فاضلابی پوشفیت دوسرسوکت 110-3000 گروه B,نیوفلکس,لوله و اتصالات فاضلابی پوش فیت,222110,"بسته لوله نیوفلکس
",محصولات فوم,لوله های فاضلابی پلی پروپیلن,لوله فاضلابی پلی پروپیلن B-3000
32824,837222125,لوله فاضلابی پوشفیت دوسرسوکت 125-3000  گروه B,نیوفلکس,لوله و اتصالات فاضلابی پوش فیت,222125,"بسته لوله نیوفلکس
",محصولات فوم,لوله های فاضلابی پلی پروپیلن,لوله فاضلابی پلی پروپیلن B-3000
32825,837222160,لوله فاضلابی پوشفیت دوسرسوکت 160-3000  گروه B,نیوفلکس,لوله و اتصالات فاضلابی پوش فیت,222160,"بسته لوله نیوفلکس
",محصولات فوم,لوله های فاضلابی پلی پروپیلن,لوله فاضلابی پلی پروپیلن B-3000
32826,837241110,لوله فاضلابی پوشفیت یکسرسوکت 110-5000  گروه B,نیوفلکس,لوله و اتصالات فاضلابی پوش فیت,241110,"بسته لوله نیوفلکس
",محصولات فوم,لوله های فاضلابی پلی پروپیلن,لوله فاضلابی پلی پروپیلن B-5000
32827,837242110,لوله فاضلابی پوشفیت دوسرسوکت 110-5000 گروه B,نیوفلکس,لوله و اتصالات فاضلابی پوش فیت,242110,"بسته لوله نیوفلکس
",محصولات فوم,لوله های فاضلابی پلی پروپیلن,لوله فاضلابی پلی پروپیلن B-5000
32828,837261050,لوله فاضلابی پوشفیت یکسرسوکت 50-150 گروه BD,نیوفلکس,لوله و اتصالات فاضلابی پوش فیت,261050,"بسته لوله نیوفلکس
",محصولات فوم,لوله های فاضلابی پلی پروپیلن,لوله فاضلابی پلی پروپیلن BD-150
32829,837261063,لوله فاضلابی پوشفیت یکسرسوکت 63-150 گروه BD,نیوفلکس,لوله و اتصالات فاضلابی پوش فیت,261063,"بسته لوله نیوفلکس
",محصولات فوم,لوله های فاضلابی پلی پروپیلن,لوله فاضلابی پلی پروپیلن BD-150
32830,837261075,لوله فاضلابی پوشفیت یکسرسوکت 75-150 گروه BD,نیوفلکس,لوله و اتصالات فاضلابی پوش فیت,261075,"بسته لوله نیوفلکس
",محصولات فوم,لوله های فاضلابی پلی پروپیلن,لوله فاضلابی پلی پروپیلن BD-150
32831,837261090,لوله فاضلابی پوشفیت یکسرسوکت 90-150 گروه BD,نیوفلکس,لوله و اتصالات فاضلابی پوش فیت,261090,"بسته لوله نیوفلکس
",محصولات فوم,لوله های فاضلابی پلی پروپیلن,لوله فاضلابی پلی پروپیلن BD-150
32832,837261110,لوله فاضلابی پوشفیت یکسرسوکت 110-150 گروه BD,نیوفلکس,لوله و اتصالات فاضلابی پوش فیت,261110,"بسته لوله نیوفلکس
",محصولات فوم,لوله های فاضلابی پلی پروپیلن,لوله فاضلابی پلی پروپیلن BD-150
32833,837281050,لوله فاضلابی پوشفیت یکسرسوکت 50-250 گروه BD,نیوفلکس,لوله و اتصالات فاضلابی پوش فیت,281050,"بسته لوله نیوفلکس
",محصولات فوم,لوله های فاضلابی پلی پروپیلن,لوله فاضلابی پلی پروپیلن BD-250
32834,837281063,لوله فاضلابی پوشفیت یکسرسوکت 63-250 گروه BD,نیوفلکس,لوله و اتصالات فاضلابی پوش فیت,281063,"بسته لوله نیوفلکس
",محصولات فوم,لوله های فاضلابی پلی پروپیلن,لوله فاضلابی پلی پروپیلن BD-250
32835,837281075,لوله فاضلابی پوشفیت یکسرسوکت 75-250 گروه BD,نیوفلکس,لوله و اتصالات فاضلابی پوش فیت,281075,"بسته لوله نیوفلکس
",محصولات فوم,لوله های فاضلابی پلی پروپیلن,لوله فاضلابی پلی پروپیلن BD-250
32836,837281090,لوله فاضلابی پوشفیت یکسرسوکت 90-250 گروه BD,نیوفلکس,لوله و اتصالات فاضلابی پوش فیت,281090,"بسته لوله نیوفلکس
",محصولات فوم,لوله های فاضلابی پلی پروپیلن,لوله فاضلابی پلی پروپیلن BD-250
32837,837281110,لوله فاضلابی پوشفیت یکسرسوکت 110-250 گروه BD,نیوفلکس,لوله و اتصالات فاضلابی پوش فیت,281110,"بسته لوله نیوفلکس
",محصولات فوم,لوله های فاضلابی پلی پروپیلن,لوله فاضلابی پلی پروپیلن BD-250
32838,837281125,لوله فاضلابی پوشفیت یکسرسوکت 125-250 گروه BD,نیوفلکس,لوله و اتصالات فاضلابی پوش فیت,281125,"بسته لوله نیوفلکس
",محصولات فوم,لوله های فاضلابی پلی پروپیلن,لوله فاضلابی پلی پروپیلن BD-250
32839,837281160,لوله فاضلابی پوشفیت یکسرسوکت 160-250 گروه BD,نیوفلکس,لوله و اتصالات فاضلابی پوش فیت,281160,"بسته لوله نیوفلکس
",محصولات فوم,لوله های فاضلابی پلی پروپیلن,لوله فاضلابی پلی پروپیلن BD-250
32840,837301050,لوله فاضلابی پوشفیت یکسرسوکت 50-500 گروه BD,نیوفلکس,لوله و اتصالات فاضلابی پوش فیت,301050,"بسته لوله نیوفلکس
",محصولات فوم,لوله های فاضلابی پلی پروپیلن,لوله فاضلابی پلی پروپیلن BD-500
32841,837301063,لوله فاضلابی پوشفیت یکسرسوکت 63-500 گروه BD,نیوفلکس,لوله و اتصالات فاضلابی پوش فیت,301063,"بسته لوله نیوفلکس
",محصولات فوم,لوله های فاضلابی پلی پروپیلن,لوله فاضلابی پلی پروپیلن BD-500
32842,837301075,لوله فاضلابی پوشفیت یکسرسوکت 75-500 گروه BD,نیوفلکس,لوله و اتصالات فاضلابی پوش فیت,301075,"بسته لوله نیوفلکس
",محصولات فوم,لوله های فاضلابی پلی پروپیلن,لوله فاضلابی پلی پروپیلن BD-500
32843,837301090,لوله فاضلابی پوشفیت یکسرسوکت 90-500 گروه BD,نیوفلکس,لوله و اتصالات فاضلابی پوش فیت,301090,"بسته لوله نیوفلکس
",محصولات فوم,لوله های فاضلابی پلی پروپیلن,لوله فاضلابی پلی پروپیلن BD-500
32844,837301110,لوله فاضلابی پوشفیت یکسرسوکت 110-500 گروه BD,نیوفلکس,لوله و اتصالات فاضلابی پوش فیت,301110,"بسته لوله نیوفلکس
",محصولات فوم,لوله های فاضلابی پلی پروپیلن,لوله فاضلابی پلی پروپیلن BD-500
32845,837301125,لوله فاضلابی پوشفیت یکسرسوکت 125-500 گروه BD,نیوفلکس,لوله و اتصالات فاضلابی پوش فیت,301125,"بسته لوله نیوفلکس
",محصولات فوم,لوله های فاضلابی پلی پروپیلن,لوله فاضلابی پلی پروپیلن BD-500
32846,837301160,لوله فاضلابی پوشفیت یکسرسوکت 160-500 گروه BD,نیوفلکس,لوله و اتصالات فاضلابی پوش فیت,301160,"بسته لوله نیوفلکس
",محصولات فوم,لوله های فاضلابی پلی پروپیلن,لوله فاضلابی پلی پروپیلن BD-500
32847,837302050,لوله فاضلابی پوشفیت دوسرسوکت 50-500 گروه BD,نیوفلکس,لوله و اتصالات فاضلابی پوش فیت,302050,"بسته لوله نیوفلکس
",محصولات فوم,لوله های فاضلابی پلی پروپیلن,لوله فاضلابی پلی پروپیلن BD-500
32848,837302063,لوله فاضلابی پوشفیت دوسرسوکت 63-500 گروه BD,نیوفلکس,لوله و اتصالات فاضلابی پوش فیت,302063,"بسته لوله نیوفلکس
",محصولات فوم,لوله های فاضلابی پلی پروپیلن,لوله فاضلابی پلی پروپیلن BD-500
32849,837302075,لوله فاضلابی پوشفیت دوسرسوکت 75-500 گروه BD,نیوفلکس,لوله و اتصالات فاضلابی پوش فیت,302075,"بسته لوله نیوفلکس
",محصولات فوم,لوله های فاضلابی پلی پروپیلن,لوله فاضلابی پلی پروپیلن BD-500
32850,837302090,لوله فاضلابی پوشفیت دوسرسوکت 90-500 گروه BD,نیوفلکس,لوله و اتصالات فاضلابی پوش فیت,302090,"بسته لوله نیوفلکس
",محصولات فوم,لوله های فاضلابی پلی پروپیلن,لوله فاضلابی پلی پروپیلن BD-500
32851,837302110,لوله فاضلابی پوشفیت دوسرسوکت 110-500 گروه BD,نیوفلکس,لوله و اتصالات فاضلابی پوش فیت,302110,"بسته لوله نیوفلکس
",محصولات فوم,لوله های فاضلابی پلی پروپیلن,لوله فاضلابی پلی پروپیلن BD-500
32852,837302125,لوله فاضلابی پوشفیت دوسرسوکت 125-500 گروه BD,نیوفلکس,لوله و اتصالات فاضلابی پوش فیت,302125,"بسته لوله نیوفلکس
",محصولات فوم,لوله های فاضلابی پلی پروپیلن,لوله فاضلابی پلی پروپیلن BD-500
32853,837302160,لوله فاضلابی پوشفیت دوسرسوکت 160-500 گروه BD,نیوفلکس,لوله و اتصالات فاضلابی پوش فیت,302160,"بسته لوله نیوفلکس
",محصولات فوم,لوله های فاضلابی پلی پروپیلن,لوله فاضلابی پلی پروپیلن BD-500
32854,837321050,لوله فاضلابی پوشفیت یکسرسوکت 50-1000 گروه BD,نیوفلکس,لوله و اتصالات فاضلابی پوش فیت,321050,"بسته لوله نیوفلکس
",محصولات فوم,لوله های فاضلابی پلی پروپیلن,"لوله فاضلابی پلی پروپیلن 
BD-1000"
32855,837321063,لوله فاضلابی پوشفیت یکسرسوکت 63-1000 گروه BD,نیوفلکس,لوله و اتصالات فاضلابی پوش فیت,321063,"بسته لوله نیوفلکس
",محصولات فوم,لوله های فاضلابی پلی پروپیلن,"لوله فاضلابی پلی پروپیلن 
BD-1000"
32856,837321075,لوله فاضلابی پوشفیت یکسرسوکت 75-1000 گروه BD,نیوفلکس,لوله و اتصالات فاضلابی پوش فیت,321075,"بسته لوله نیوفلکس
",محصولات فوم,لوله های فاضلابی پلی پروپیلن,"لوله فاضلابی پلی پروپیلن 
BD-1000"
32857,837321090,لوله فاضلابی پوشفیت یکسرسوکت 90-1000 گروه BD,نیوفلکس,لوله و اتصالات فاضلابی پوش فیت,321090,"بسته لوله نیوفلکس
",محصولات فوم,لوله های فاضلابی پلی پروپیلن,"لوله فاضلابی پلی پروپیلن 
BD-1000"
32858,837321110,لوله فاضلابی پوشفیت یکسرسوکت 110-1000 گروه BD,نیوفلکس,لوله و اتصالات فاضلابی پوش فیت,321110,"بسته لوله نیوفلکس
",محصولات فوم,لوله های فاضلابی پلی پروپیلن,"لوله فاضلابی پلی پروپیلن 
BD-1000"
32859,837321125,لوله فاضلابی پوشفیت یکسرسوکت 125-1000 گروه BD,نیوفلکس,لوله و اتصالات فاضلابی پوش فیت,321125,"بسته لوله نیوفلکس
",محصولات فوم,لوله های فاضلابی پلی پروپیلن,"لوله فاضلابی پلی پروپیلن 
BD-1000"
32860,837321160,لوله فاضلابی پوشفیت یکسرسوکت 160-1000 گروه BD,نیوفلکس,لوله و اتصالات فاضلابی پوش فیت,321160,"بسته لوله نیوفلکس
",محصولات فوم,لوله های فاضلابی پلی پروپیلن,"لوله فاضلابی پلی پروپیلن 
BD-1000"
32861,837322050,لوله فاضلابی پوشفیت دوسرسوکت 50-1000 گروه BD,نیوفلکس,لوله و اتصالات فاضلابی پوش فیت,322050,"بسته لوله نیوفلکس
",محصولات فوم,لوله های فاضلابی پلی پروپیلن,"لوله فاضلابی پلی پروپیلن 
BD-1000"
32862,837322063,لوله فاضلابی پوشفیت دوسرسوکت 63-1000 گروه BD,نیوفلکس,لوله و اتصالات فاضلابی پوش فیت,322063,"بسته لوله نیوفلکس
",محصولات فوم,لوله های فاضلابی پلی پروپیلن,"لوله فاضلابی پلی پروپیلن 
BD-1000"
32863,837322075,لوله فاضلابی پوشفیت دوسرسوکت 75-1000 گروه BD,نیوفلکس,لوله و اتصالات فاضلابی پوش فیت,322075,"بسته لوله نیوفلکس
",محصولات فوم,لوله های فاضلابی پلی پروپیلن,"لوله فاضلابی پلی پروپیلن 
BD-1000"
32864,837322090,لوله فاضلابی پوشفیت دوسرسوکت 90-1000 گروه BD,نیوفلکس,لوله و اتصالات فاضلابی پوش فیت,322090,"بسته لوله نیوفلکس
",محصولات فوم,لوله های فاضلابی پلی پروپیلن,"لوله فاضلابی پلی پروپیلن 
BD-1000"
32865,837322110,لوله فاضلابی پوشفیت دوسرسوکت 110-1000 گروه BD,نیوفلکس,لوله و اتصالات فاضلابی پوش فیت,322110,"بسته لوله نیوفلکس
",محصولات فوم,لوله های فاضلابی پلی پروپیلن,"لوله فاضلابی پلی پروپیلن 
BD-1000"
32866,837322125,لوله فاضلابی پوشفیت دوسرسوکت 125-1000 گروه BD,نیوفلکس,لوله و اتصالات فاضلابی پوش فیت,322125,"بسته لوله نیوفلکس
",محصولات فوم,لوله های فاضلابی پلی پروپیلن,"لوله فاضلابی پلی پروپیلن 
BD-1000"
32867,837322160,لوله فاضلابی پوشفیت دوسرسوکت 160-1000 گروه BD,نیوفلکس,لوله و اتصالات فاضلابی پوش فیت,322160,"بسته لوله نیوفلکس
",محصولات فوم,لوله های فاضلابی پلی پروپیلن,"لوله فاضلابی پلی پروپیلن 
BD-1000"
32868,837341050,لوله فاضلابی پوشفیت یکسرسوکت 50-2000 گروه BD,نیوفلکس,لوله و اتصالات فاضلابی پوش فیت,341050,"بسته لوله نیوفلکس
",محصولات فوم,لوله های فاضلابی پلی پروپیلن,لوله فاضلابی پلی پروپیلن BD-2000
32869,837341063,لوله فاضلابی پوشفیت یکسرسوکت 63-2000 گروه BD,نیوفلکس,لوله و اتصالات فاضلابی پوش فیت,341063,"بسته لوله نیوفلکس
",محصولات فوم,لوله های فاضلابی پلی پروپیلن,لوله فاضلابی پلی پروپیلن BD-2000
32870,837341075,لوله فاضلابی پوشفیت یکسرسوکت 75-2000 گروه BD,نیوفلکس,لوله و اتصالات فاضلابی پوش فیت,341075,"بسته لوله نیوفلکس
",محصولات فوم,لوله های فاضلابی پلی پروپیلن,لوله فاضلابی پلی پروپیلن BD-2000
32871,837341090,لوله فاضلابی پوشفیت یکسرسوکت 90-2000 گروه BD,نیوفلکس,لوله و اتصالات فاضلابی پوش فیت,341090,"بسته لوله نیوفلکس
",محصولات فوم,لوله های فاضلابی پلی پروپیلن,لوله فاضلابی پلی پروپیلن BD-2000
32872,837341110,لوله فاضلابی پوشفیت یکسرسوکت 110-2000 گروه BD,نیوفلکس,لوله و اتصالات فاضلابی پوش فیت,341110,"بسته لوله نیوفلکس
",محصولات فوم,لوله های فاضلابی پلی پروپیلن,لوله فاضلابی پلی پروپیلن BD-2000
32873,837341125,لوله فاضلابی پوشفیت یکسرسوکت 125-2000 گروه BD,نیوفلکس,لوله و اتصالات فاضلابی پوش فیت,341125,"بسته لوله نیوفلکس
",محصولات فوم,لوله های فاضلابی پلی پروپیلن,لوله فاضلابی پلی پروپیلن BD-2000
32874,837341160,لوله فاضلابی پوشفیت یکسرسوکت 160-2000 گروه BD,نیوفلکس,لوله و اتصالات فاضلابی پوش فیت,341160,"بسته لوله نیوفلکس
",محصولات فوم,لوله های فاضلابی پلی پروپیلن,لوله فاضلابی پلی پروپیلن BD-2000
32875,837342050,لوله فاضلابی پوشفیت دوسرسوکت 50-2000 گروه BD,نیوفلکس,لوله و اتصالات فاضلابی پوش فیت,342050,"بسته لوله نیوفلکس
",محصولات فوم,لوله های فاضلابی پلی پروپیلن,لوله فاضلابی پلی پروپیلن BD-2000
32876,837342063,لوله فاضلابی پوشفیت دوسرسوکت 63-2000 گروه BD,نیوفلکس,لوله و اتصالات فاضلابی پوش فیت,342063,"بسته لوله نیوفلکس
",محصولات فوم,لوله های فاضلابی پلی پروپیلن,لوله فاضلابی پلی پروپیلن BD-2000
32877,837342075,لوله فاضلابی پوشفیت دوسرسوکت 75-2000 گروه BD,نیوفلکس,لوله و اتصالات فاضلابی پوش فیت,342075,"بسته لوله نیوفلکس
",محصولات فوم,لوله های فاضلابی پلی پروپیلن,لوله فاضلابی پلی پروپیلن BD-2000
32878,837342090,لوله فاضلابی پوشفیت دوسرسوکت 90-2000 گروه BD,نیوفلکس,لوله و اتصالات فاضلابی پوش فیت,342090,"بسته لوله نیوفلکس
",محصولات فوم,لوله های فاضلابی پلی پروپیلن,لوله فاضلابی پلی پروپیلن BD-2000
32879,837342110,لوله فاضلابی پوشفیت دوسرسوکت 110-2000 گروه BD,نیوفلکس,لوله و اتصالات فاضلابی پوش فیت,342110,"بسته لوله نیوفلکس
",محصولات فوم,لوله های فاضلابی پلی پروپیلن,لوله فاضلابی پلی پروپیلن BD-2000
32880,837342125,لوله فاضلابی پوشفیت دوسرسوکت 125-2000 گروه BD,نیوفلکس,لوله و اتصالات فاضلابی پوش فیت,342125,"بسته لوله نیوفلکس
",محصولات فوم,لوله های فاضلابی پلی پروپیلن,لوله فاضلابی پلی پروپیلن BD-2000
32881,837342160,لوله فاضلابی پوشفیت دوسرسوکت 160-2000 گروه BD,نیوفلکس,لوله و اتصالات فاضلابی پوش فیت,342160,"بسته لوله نیوفلکس
",محصولات فوم,لوله های فاضلابی پلی پروپیلن,لوله فاضلابی پلی پروپیلن BD-2000
32882,837361050,لوله فاضلابی پوشفیت یکسرسوکت 50-3000 گروه BD,نیوفلکس,لوله و اتصالات فاضلابی پوش فیت,361050,"بسته لوله نیوفلکس
",محصولات فوم,لوله های فاضلابی پلی پروپیلن,لوله فاضلابی پلی پروپیلن BD-3000
32883,837361063,لوله فاضلابی پوشفیت یکسرسوکت 63-3000 گروه BD,نیوفلکس,لوله و اتصالات فاضلابی پوش فیت,361063,"بسته لوله نیوفلکس
",محصولات فوم,لوله های فاضلابی پلی پروپیلن,لوله فاضلابی پلی پروپیلن BD-3000
32884,837361075,لوله فاضلابی پوشفیت یکسرسوکت 75-3000 گروه BD,نیوفلکس,لوله و اتصالات فاضلابی پوش فیت,361075,"بسته لوله نیوفلکس
",محصولات فوم,لوله های فاضلابی پلی پروپیلن,لوله فاضلابی پلی پروپیلن BD-3000
32885,837361090,لوله فاضلابی پوشفیت یکسرسوکت 90-3000 گروه BD,نیوفلکس,لوله و اتصالات فاضلابی پوش فیت,361090,"بسته لوله نیوفلکس
",محصولات فوم,لوله های فاضلابی پلی پروپیلن,لوله فاضلابی پلی پروپیلن BD-3000
32886,837361110,لوله فاضلابی پوشفیت یکسرسوکت 110-3000 گروه BD,نیوفلکس,لوله و اتصالات فاضلابی پوش فیت,361110,"بسته لوله نیوفلکس
",محصولات فوم,لوله های فاضلابی پلی پروپیلن,لوله فاضلابی پلی پروپیلن BD-3000
32887,837361125,لوله فاضلابی پوشفیت یکسرسوکت 125-3000 گروه BD,نیوفلکس,لوله و اتصالات فاضلابی پوش فیت,361125,"بسته لوله نیوفلکس
",محصولات فوم,لوله های فاضلابی پلی پروپیلن,لوله فاضلابی پلی پروپیلن BD-3000
32888,837361160,لوله فاضلابی پوشفیت یکسرسوکت 160-3000 گروه BD,نیوفلکس,لوله و اتصالات فاضلابی پوش فیت,361160,"بسته لوله نیوفلکس
",محصولات فوم,لوله های فاضلابی پلی پروپیلن,لوله فاضلابی پلی پروپیلن BD-3000
32889,837362050,لوله فاضلابی پوشفیت دوسرسوکت 50-3000 گروه BD,نیوفلکس,لوله و اتصالات فاضلابی پوش فیت,362050,"بسته لوله نیوفلکس
",محصولات فوم,لوله های فاضلابی پلی پروپیلن,لوله فاضلابی پلی پروپیلن BD-3000
32890,837362063,لوله فاضلابی پوشفیت دوسرسوکت 63-3000 گروه BD,نیوفلکس,لوله و اتصالات فاضلابی پوش فیت,362063,"بسته لوله نیوفلکس
",محصولات فوم,لوله های فاضلابی پلی پروپیلن,لوله فاضلابی پلی پروپیلن BD-3000
32891,837362075,لوله فاضلابی پوشفیت دوسرسوکت 75-3000 گروه BD,نیوفلکس,لوله و اتصالات فاضلابی پوش فیت,362075,"بسته لوله نیوفلکس
",محصولات فوم,لوله های فاضلابی پلی پروپیلن,لوله فاضلابی پلی پروپیلن BD-3000
32892,837362090,لوله فاضلابی پوشفیت دوسرسوکت 90-3000 گروه BD,نیوفلکس,لوله و اتصالات فاضلابی پوش فیت,362090,"بسته لوله نیوفلکس
",محصولات فوم,لوله های فاضلابی پلی پروپیلن,لوله فاضلابی پلی پروپیلن BD-3000
32893,837362110,لوله فاضلابی پوشفیت دوسرسوکت 110-3000 گروه BD,نیوفلکس,لوله و اتصالات فاضلابی پوش فیت,362110,"بسته لوله نیوفلکس
",محصولات فوم,لوله های فاضلابی پلی پروپیلن,لوله فاضلابی پلی پروپیلن BD-3000
32894,837362125,لوله فاضلابی پوشفیت دوسرسوکت 125-3000 گروه BD,نیوفلکس,لوله و اتصالات فاضلابی پوش فیت,362125,"بسته لوله نیوفلکس
",محصولات فوم,لوله های فاضلابی پلی پروپیلن,لوله فاضلابی پلی پروپیلن BD-3000
32895,837362160,لوله فاضلابی پوشفیت دوسرسوکت 160-3000 گروه BD,نیوفلکس,لوله و اتصالات فاضلابی پوش فیت,362160,"بسته لوله نیوفلکس
",محصولات فوم,لوله های فاضلابی پلی پروپیلن,لوله فاضلابی پلی پروپیلن BD-3000
32896,837381110,لوله فاضلابی پوشفیت یکسرسوکت 110-5000 گروه BD,نیوفلکس,لوله و اتصالات فاضلابی پوش فیت,381110,"بسته لوله نیوفلکس
",محصولات فوم,لوله های فاضلابی پلی پروپیلن,لوله فاضلابی پلی پروپیلن BD-5000
32897,837382110,لوله فاضلابی پوشفیت دوسرسوکت 110-5000 گروه BD,نیوفلکس,لوله و اتصالات فاضلابی پوش فیت,382110,"بسته لوله نیوفلکس
",محصولات فوم,لوله های فاضلابی پلی پروپیلن,لوله فاضلابی پلی پروپیلن BD-5000
32898,837401050,لوله فاضلابی پوشفیت یکسرسوکت سایلنت  50-150,نیوفلکس,لوله و اتصالات فاضلابی پوش فیت سایلنت,401050,"بسته لوله نیوفلکس
",محصولات فوم,لوله های فاضلابی پلی پروپیلن,لوله فاضلابی پلی پروپیلن سایلنت-150
32899,837401075,لوله فاضلابی پوشفیت یکسرسوکت سایلنت  75-150,نیوفلکس,لوله و اتصالات فاضلابی پوش فیت سایلنت,401075,"بسته لوله نیوفلکس
",محصولات فوم,لوله های فاضلابی پلی پروپیلن,لوله فاضلابی پلی پروپیلن سایلنت-150
32900,837401110,لوله فاضلابی پوشفیت یکسرسوکت سایلنت  110-150,نیوفلکس,لوله و اتصالات فاضلابی پوش فیت سایلنت,401110,"بسته لوله نیوفلکس
",محصولات فوم,لوله های فاضلابی پلی پروپیلن,لوله فاضلابی پلی پروپیلن سایلنت-150
32901,837421050,لوله فاضلابی پوشفیت یکسرسوکت سایلنت  50-250,نیوفلکس,لوله و اتصالات فاضلابی پوش فیت سایلنت,421050,"بسته لوله نیوفلکس
",محصولات فوم,لوله های فاضلابی پلی پروپیلن,لوله فاضلابی پلی پروپیلن سایلنت-250
32902,837421075,لوله فاضلابی پوشفیت یکسرسوکت سایلنت  75-250,نیوفلکس,لوله و اتصالات فاضلابی پوش فیت سایلنت,421075,"بسته لوله نیوفلکس
",محصولات فوم,لوله های فاضلابی پلی پروپیلن,لوله فاضلابی پلی پروپیلن سایلنت-250
32903,837421110,لوله فاضلابی پوشفیت یکسرسوکت سایلنت  110-250,نیوفلکس,لوله و اتصالات فاضلابی پوش فیت سایلنت,421110,"بسته لوله نیوفلکس
",محصولات فوم,لوله های فاضلابی پلی پروپیلن,لوله فاضلابی پلی پروپیلن سایلنت-250
32904,837421125,لوله فاضلابی پوشفیت یکسرسوکت سایلنت  125-250,نیوفلکس,لوله و اتصالات فاضلابی پوش فیت سایلنت,421125,"بسته لوله نیوفلکس
",محصولات فوم,لوله های فاضلابی پلی پروپیلن,لوله فاضلابی پلی پروپیلن سایلنت-250
32905,837421160,لوله فاضلابی پوشفیت یکسرسوکت سایلنت  160-250,نیوفلکس,لوله و اتصالات فاضلابی پوش فیت سایلنت,421160,"بسته لوله نیوفلکس
",محصولات فوم,لوله های فاضلابی پلی پروپیلن,لوله فاضلابی پلی پروپیلن سایلنت-250
32906,837441050,لوله فاضلابی پوشفیت یکسرسوکت سایلنت  50-500,نیوفلکس,لوله و اتصالات فاضلابی پوش فیت سایلنت,441050,"بسته لوله نیوفلکس
",محصولات فوم,لوله های فاضلابی پلی پروپیلن,لوله فاضلابی پلی پروپیلن سایلنت-500
32907,837441075,لوله فاضلابی پوشفیت یکسرسوکت سایلنت  75-500,نیوفلکس,لوله و اتصالات فاضلابی پوش فیت سایلنت,441075,"بسته لوله نیوفلکس
",محصولات فوم,لوله های فاضلابی پلی پروپیلن,لوله فاضلابی پلی پروپیلن سایلنت-500
32908,837441110,لوله فاضلابی پوشفیت یکسرسوکت سایلنت  110-500,نیوفلکس,لوله و اتصالات فاضلابی پوش فیت سایلنت,441110,"بسته لوله نیوفلکس
",محصولات فوم,لوله های فاضلابی پلی پروپیلن,لوله فاضلابی پلی پروپیلن سایلنت-500
32909,837441125,لوله فاضلابی پوشفیت یکسرسوکت سایلنت  125-500,نیوفلکس,لوله و اتصالات فاضلابی پوش فیت سایلنت,441125,"بسته لوله نیوفلکس
",محصولات فوم,لوله های فاضلابی پلی پروپیلن,لوله فاضلابی پلی پروپیلن سایلنت-500
32910,837441160,لوله فاضلابی پوشفیت یکسرسوکت سایلنت  160-500,نیوفلکس,لوله و اتصالات فاضلابی پوش فیت سایلنت,441160,"بسته لوله نیوفلکس
",محصولات فوم,لوله های فاضلابی پلی پروپیلن,لوله فاضلابی پلی پروپیلن سایلنت-500
32911,837442050,لوله فاضلابی پوشفیت دوسرسوکت سایلنت  50-500,نیوفلکس,لوله و اتصالات فاضلابی پوش فیت سایلنت,442050,"بسته لوله نیوفلکس
",محصولات فوم,لوله های فاضلابی پلی پروپیلن,لوله فاضلابی پلی پروپیلن سایلنت-500
32912,837442075,لوله فاضلابی پوشفیت دوسرسوکت سایلنت  75-500,نیوفلکس,لوله و اتصالات فاضلابی پوش فیت سایلنت,442075,"بسته لوله نیوفلکس
",محصولات فوم,لوله های فاضلابی پلی پروپیلن,لوله فاضلابی پلی پروپیلن سایلنت-500
32913,837442110,لوله فاضلابی پوشفیت دوسرسوکت سایلنت  110-500,نیوفلکس,لوله و اتصالات فاضلابی پوش فیت سایلنت,442110,"بسته لوله نیوفلکس
",محصولات فوم,لوله های فاضلابی پلی پروپیلن,لوله فاضلابی پلی پروپیلن سایلنت-500
32914,837442125,لوله فاضلابی پوشفیت دوسرسوکت سایلنت  125-500,نیوفلکس,لوله و اتصالات فاضلابی پوش فیت سایلنت,442125,"بسته لوله نیوفلکس
",محصولات فوم,لوله های فاضلابی پلی پروپیلن,لوله فاضلابی پلی پروپیلن سایلنت-500
32915,837442160,لوله فاضلابی پوشفیت دوسرسوکت سایلنت  160-500,نیوفلکس,لوله و اتصالات فاضلابی پوش فیت سایلنت,442160,"بسته لوله نیوفلکس
",محصولات فوم,لوله های فاضلابی پلی پروپیلن,لوله فاضلابی پلی پروپیلن سایلنت-500
32916,837461050,لوله فاضلابی پوشفیت یکسرسوکت سایلنت  50-1000,نیوفلکس,لوله و اتصالات فاضلابی پوش فیت سایلنت,461050,"بسته لوله نیوفلکس
",محصولات فوم,لوله های فاضلابی پلی پروپیلن,لوله فاضلابی پلی پروپیلن سایلنت-1000
32917,837461075,لوله فاضلابی پوشفیت یکسرسوکت سایلنت  75-1000,نیوفلکس,لوله و اتصالات فاضلابی پوش فیت سایلنت,461075,"بسته لوله نیوفلکس
",محصولات فوم,لوله های فاضلابی پلی پروپیلن,لوله فاضلابی پلی پروپیلن سایلنت-1000
32918,837461110,لوله فاضلابی پوشفیت یکسرسوکت سایلنت  110-1000,نیوفلکس,لوله و اتصالات فاضلابی پوش فیت سایلنت,461110,"بسته لوله نیوفلکس
",محصولات فوم,لوله های فاضلابی پلی پروپیلن,لوله فاضلابی پلی پروپیلن سایلنت-1000
32919,837461125,لوله فاضلابی پوشفیت یکسرسوکت سایلنت  125-1000,نیوفلکس,لوله و اتصالات فاضلابی پوش فیت سایلنت,461125,"بسته لوله نیوفلکس
",محصولات فوم,لوله های فاضلابی پلی پروپیلن,لوله فاضلابی پلی پروپیلن سایلنت-1000
32920,837461160,لوله فاضلابی پوشفیت یکسرسوکت سایلنت  160-1000,نیوفلکس,لوله و اتصالات فاضلابی پوش فیت سایلنت,461160,"بسته لوله نیوفلکس
",محصولات فوم,لوله های فاضلابی پلی پروپیلن,لوله فاضلابی پلی پروپیلن سایلنت-1000
32921,837462050,لوله فاضلابی پوشفیت دوسرسوکت سایلنت  50-1000,نیوفلکس,لوله و اتصالات فاضلابی پوش فیت سایلنت,462050,"بسته لوله نیوفلکس
",محصولات فوم,لوله های فاضلابی پلی پروپیلن,لوله فاضلابی پلی پروپیلن سایلنت-1000
32922,837462075,لوله فاضلابی پوشفیت دوسرسوکت سایلنت  75-1000,نیوفلکس,لوله و اتصالات فاضلابی پوش فیت سایلنت,462075,"بسته لوله نیوفلکس
",محصولات فوم,لوله های فاضلابی پلی پروپیلن,لوله فاضلابی پلی پروپیلن سایلنت-1000
32923,837462110,لوله فاضلابی پوشفیت دوسرسوکت سایلنت  110-1000,نیوفلکس,لوله و اتصالات فاضلابی پوش فیت سایلنت,462110,"بسته لوله نیوفلکس
",محصولات فوم,لوله های فاضلابی پلی پروپیلن,لوله فاضلابی پلی پروپیلن سایلنت-1000
32924,837462125,لوله فاضلابی پوشفیت دوسرسوکت سایلنت  125-1000,نیوفلکس,لوله و اتصالات فاضلابی پوش فیت سایلنت,462125,"بسته لوله نیوفلکس
",محصولات فوم,لوله های فاضلابی پلی پروپیلن,لوله فاضلابی پلی پروپیلن سایلنت-1000
32925,837462160,لوله فاضلابی پوشفیت دوسرسوکت سایلنت  160-1000,نیوفلکس,لوله و اتصالات فاضلابی پوش فیت سایلنت,462160,"بسته لوله نیوفلکس
",محصولات فوم,لوله های فاضلابی پلی پروپیلن,لوله فاضلابی پلی پروپیلن سایلنت-1000
32926,837481050,لوله فاضلابی پوشفیت یکسرسوکت سایلنت  50-2000,نیوفلکس,لوله و اتصالات فاضلابی پوش فیت سایلنت,481050,"بسته لوله نیوفلکس
",محصولات فوم,لوله های فاضلابی پلی پروپیلن,لوله فاضلابی پلی پروپیلن سایلنت-2000
32927,837481075,لوله فاضلابی پوشفیت یکسرسوکت سایلنت  75-2000,نیوفلکس,لوله و اتصالات فاضلابی پوش فیت سایلنت,481075,"بسته لوله نیوفلکس
",محصولات فوم,لوله های فاضلابی پلی پروپیلن,لوله فاضلابی پلی پروپیلن سایلنت-2000
32928,837481110,لوله فاضلابی پوشفیت یکسرسوکت سایلنت  110-2000,نیوفلکس,لوله و اتصالات فاضلابی پوش فیت سایلنت,481110,"بسته لوله نیوفلکس
",محصولات فوم,لوله های فاضلابی پلی پروپیلن,لوله فاضلابی پلی پروپیلن سایلنت-2000
32929,837481125,لوله فاضلابی پوشفیت یکسرسوکت سایلنت  125-2000,نیوفلکس,لوله و اتصالات فاضلابی پوش فیت سایلنت,481125,"بسته لوله نیوفلکس
",محصولات فوم,لوله های فاضلابی پلی پروپیلن,لوله فاضلابی پلی پروپیلن سایلنت-2000
32930,837481160,لوله فاضلابی پوشفیت یکسرسوکت سایلنت  160-2000,نیوفلکس,لوله و اتصالات فاضلابی پوش فیت سایلنت,481160,"بسته لوله نیوفلکس
",محصولات فوم,لوله های فاضلابی پلی پروپیلن,لوله فاضلابی پلی پروپیلن سایلنت-2000
32931,837482050,لوله فاضلابی پوشفیت دوسرسوکت سایلنت  50-2000,نیوفلکس,لوله و اتصالات فاضلابی پوش فیت سایلنت,482050,"بسته لوله نیوفلکس
",محصولات فوم,لوله های فاضلابی پلی پروپیلن,لوله فاضلابی پلی پروپیلن سایلنت-2000
32932,837482075,لوله فاضلابی پوشفیت دوسرسوکت سایلنت  75-2000,نیوفلکس,لوله و اتصالات فاضلابی پوش فیت سایلنت,482075,"بسته لوله نیوفلکس
",محصولات فوم,لوله های فاضلابی پلی پروپیلن,لوله فاضلابی پلی پروپیلن سایلنت-2000
32933,837482110,لوله فاضلابی پوشفیت دوسرسوکت سایلنت  110-2000,نیوفلکس,لوله و اتصالات فاضلابی پوش فیت سایلنت,482110,"بسته لوله نیوفلکس
",محصولات فوم,لوله های فاضلابی پلی پروپیلن,لوله فاضلابی پلی پروپیلن سایلنت-2000
32934,837482125,لوله فاضلابی پوشفیت دوسرسوکت سایلنت  125-2000,نیوفلکس,لوله و اتصالات فاضلابی پوش فیت سایلنت,482125,"بسته لوله نیوفلکس
",محصولات فوم,لوله های فاضلابی پلی پروپیلن,لوله فاضلابی پلی پروپیلن سایلنت-2000
32935,837482160,لوله فاضلابی پوشفیت دوسرسوکت سایلنت  160-2000,نیوفلکس,لوله و اتصالات فاضلابی پوش فیت سایلنت,482160,"بسته لوله نیوفلکس
",محصولات فوم,لوله های فاضلابی پلی پروپیلن,لوله فاضلابی پلی پروپیلن سایلنت-2000
32936,837501050,لوله فاضلابی پوشفیت یکسرسوکت سایلنت 50-3000,نیوفلکس,لوله و اتصالات فاضلابی پوش فیت سایلنت,501050,"بسته لوله نیوفلکس
",محصولات فوم,لوله های فاضلابی پلی پروپیلن,لوله فاضلابی پلی پروپیلن سایلنت-3000
32937,837501075,لوله فاضلابی پوشفیت یکسرسوکت سایلنت  75-3000,نیوفلکس,لوله و اتصالات فاضلابی پوش فیت سایلنت,501075,"بسته لوله نیوفلکس
",محصولات فوم,لوله های فاضلابی پلی پروپیلن,لوله فاضلابی پلی پروپیلن سایلنت-3000
32938,837501110,لوله فاضلابی پوشفیت یکسرسوکت سایلنت  110-3000,نیوفلکس,لوله و اتصالات فاضلابی پوش فیت سایلنت,501110,"بسته لوله نیوفلکس
",محصولات فوم,لوله های فاضلابی پلی پروپیلن,لوله فاضلابی پلی پروپیلن سایلنت-3000
32939,837501125,لوله فاضلابی پوشفیت یکسرسوکت سایلنت  125-3000,نیوفلکس,لوله و اتصالات فاضلابی پوش فیت سایلنت,501125,"بسته لوله نیوفلکس
",محصولات فوم,لوله های فاضلابی پلی پروپیلن,لوله فاضلابی پلی پروپیلن سایلنت-3000
32940,837501160,لوله فاضلابی پوشفیت یکسرسوکت سایلنت  160-3000,نیوفلکس,لوله و اتصالات فاضلابی پوش فیت سایلنت,501160,"بسته لوله نیوفلکس
",محصولات فوم,لوله های فاضلابی پلی پروپیلن,لوله فاضلابی پلی پروپیلن سایلنت-3000
32941,837502050,لوله فاضلابی پوشفیت دوسرسوکت سایلنت  50-3000,نیوفلکس,لوله و اتصالات فاضلابی پوش فیت سایلنت,502050,"بسته لوله نیوفلکس
",محصولات فوم,لوله های فاضلابی پلی پروپیلن,لوله فاضلابی پلی پروپیلن سایلنت-3000
32942,837502075,لوله فاضلابی پوشفیت دوسرسوکت سایلنت  75-3000,نیوفلکس,لوله و اتصالات فاضلابی پوش فیت سایلنت,502075,"بسته لوله نیوفلکس
",محصولات فوم,لوله های فاضلابی پلی پروپیلن,لوله فاضلابی پلی پروپیلن سایلنت-3000
32943,837502110,لوله فاضلابی پوشفیت دوسرسوکت سایلنت  110-3000,نیوفلکس,لوله و اتصالات فاضلابی پوش فیت سایلنت,502110,"بسته لوله نیوفلکس
",محصولات فوم,لوله های فاضلابی پلی پروپیلن,لوله فاضلابی پلی پروپیلن سایلنت-3000
32944,837502125,لوله فاضلابی پوشفیت دوسرسوکت سایلنت  125-3000,نیوفلکس,لوله و اتصالات فاضلابی پوش فیت سایلنت,502125,"بسته لوله نیوفلکس
",محصولات فوم,لوله های فاضلابی پلی پروپیلن,لوله فاضلابی پلی پروپیلن سایلنت-3000
32945,837502160,لوله فاضلابی پوشفیت دوسرسوکت سایلنت  160-3000,نیوفلکس,لوله و اتصالات فاضلابی پوش فیت سایلنت,502160,"بسته لوله نیوفلکس
",محصولات فوم,لوله های فاضلابی پلی پروپیلن,لوله فاضلابی پلی پروپیلن سایلنت-3000
34403,855361102,بوشن پوشفیت 50mm,نیوفلکس,لوله و اتصالات فاضلابی پوش فیت,361102,"کارتن اتصالات نیوفلکس
",محصولات فوم,اتصالات تاسیساتی,اتصالات فاضلابی پلی پروپیلن
34404,855361106,بوشن پوشفیت 63mm,نیوفلکس,لوله و اتصالات فاضلابی پوش فیت,361106,"کارتن اتصالات نیوفلکس
",محصولات فوم,اتصالات تاسیساتی,اتصالات فاضلابی پلی پروپیلن
34405,855361110,بوشن پوشفیت 75mm,نیوفلکس,لوله و اتصالات فاضلابی پوش فیت,361110,"کارتن اتصالات نیوفلکس
",محصولات فوم,اتصالات تاسیساتی,اتصالات فاضلابی پلی پروپیلن
34406,855361114,بوشن پوشفیت 90mm,نیوفلکس,لوله و اتصالات فاضلابی پوش فیت,361114,"کارتن اتصالات نیوفلکس
",محصولات فوم,اتصالات تاسیساتی,اتصالات فاضلابی پلی پروپیلن
34407,855361118,بوشن پوشفیت 110mm,نیوفلکس,لوله و اتصالات فاضلابی پوش فیت,361118,"کارتن اتصالات نیوفلکس
",محصولات فوم,اتصالات تاسیساتی,اتصالات فاضلابی پلی پروپیلن
34408,855361122,بوشن پوشفیت 125mm,نیوفلکس,لوله و اتصالات فاضلابی پوش فیت,361122,"کارتن اتصالات نیوفلکس
",محصولات فوم,اتصالات تاسیساتی,اتصالات فاضلابی پلی پروپیلن
34409,855361126,بوشن پوشفیت 160mm,نیوفلکس,لوله و اتصالات فاضلابی پوش فیت,361126,"کارتن اتصالات نیوفلکس
",محصولات فوم,اتصالات تاسیساتی,اتصالات فاضلابی پلی پروپیلن
34410,855361202,بوشن پوشفیت سایلنت 50mm,نیوفلکس,لوله و اتصالات فاضلابی پوش فیت سایلنت,361202,"کارتن اتصالات نیوفلکس
",محصولات فوم,اتصالات تاسیساتی,اتصالات فاضلابی پلی پروپیلن
34411,855361210,بوشن پوشفیت سایلنت 75mm,نیوفلکس,لوله و اتصالات فاضلابی پوش فیت سایلنت,361210,"کارتن اتصالات نیوفلکس
",محصولات فوم,اتصالات تاسیساتی,اتصالات فاضلابی پلی پروپیلن
34412,855361218,بوشن پوشفیت سایلنت 110mm,نیوفلکس,لوله و اتصالات فاضلابی پوش فیت سایلنت,361218,"کارتن اتصالات نیوفلکس
",محصولات فوم,اتصالات تاسیساتی,اتصالات فاضلابی پلی پروپیلن
34413,855361222,بوشن پوشفیت سایلنت 125mm,نیوفلکس,لوله و اتصالات فاضلابی پوش فیت سایلنت,361222,"کارتن اتصالات نیوفلکس
",محصولات فوم,اتصالات تاسیساتی,اتصالات فاضلابی پلی پروپیلن
34414,855361226,بوشن پوشفیت سایلنت 160mm,نیوفلکس,لوله و اتصالات فاضلابی پوش فیت سایلنت,361226,"کارتن اتصالات نیوفلکس
",محصولات فوم,اتصالات تاسیساتی,اتصالات فاضلابی پلی پروپیلن
34415,855361342,تبدیل پوشفیت خارج از مرکز 50x63mm,نیوفلکس,لوله و اتصالات فاضلابی پوش فیت,361342,"کارتن اتصالات نیوفلکس
",محصولات فوم,اتصالات تاسیساتی,اتصالات فاضلابی پلی پروپیلن
34416,855361346,تبدیل پوشفیت خارج از مرکز 50x75mm,نیوفلکس,لوله و اتصالات فاضلابی پوش فیت,361346,"کارتن اتصالات نیوفلکس
",محصولات فوم,اتصالات تاسیساتی,اتصالات فاضلابی پلی پروپیلن
34417,855361350,تبدیل پوشفیت خارج از مرکز 63x75mm,نیوفلکس,لوله و اتصالات فاضلابی پوش فیت,361350,"کارتن اتصالات نیوفلکس
",محصولات فوم,اتصالات تاسیساتی,اتصالات فاضلابی پلی پروپیلن
34418,855361354,تبدیل پوشفیت خارج از مرکز 63x90mm,نیوفلکس,لوله و اتصالات فاضلابی پوش فیت,361354,"کارتن اتصالات نیوفلکس
",محصولات فوم,اتصالات تاسیساتی,اتصالات فاضلابی پلی پروپیلن
34419,855361358,تبدیل پوشفیت خارج از مرکز 50x110mm,نیوفلکس,لوله و اتصالات فاضلابی پوش فیت,361358,"کارتن اتصالات نیوفلکس
",محصولات فوم,اتصالات تاسیساتی,اتصالات فاضلابی پلی پروپیلن
34420,855361362,تبدیل پوشفیت خارج از مرکز 63x110mm,نیوفلکس,لوله و اتصالات فاضلابی پوش فیت,361362,"کارتن اتصالات نیوفلکس
",محصولات فوم,اتصالات تاسیساتی,اتصالات فاضلابی پلی پروپیلن
34421,855361366,تبدیل پوشفیت خارج از مرکز 75x110mm,نیوفلکس,لوله و اتصالات فاضلابی پوش فیت,361366,"کارتن اتصالات نیوفلکس
",محصولات فوم,اتصالات تاسیساتی,اتصالات فاضلابی پلی پروپیلن
34422,855361370,تبدیل پوشفیت خارج از مرکز 90x110mm,نیوفلکس,لوله و اتصالات فاضلابی پوش فیت,361370,"کارتن اتصالات نیوفلکس
",محصولات فوم,اتصالات تاسیساتی,اتصالات فاضلابی پلی پروپیلن
34423,855361374,تبدیل پوشفیت خارج از مرکز 110x125mm,نیوفلکس,لوله و اتصالات فاضلابی پوش فیت,361374,"کارتن اتصالات نیوفلکس
",محصولات فوم,اتصالات تاسیساتی,اتصالات فاضلابی پلی پروپیلن
34424,855361378,تبدیل پوشفیت خارج از مرکز 110x160mm,نیوفلکس,لوله و اتصالات فاضلابی پوش فیت,361378,"کارتن اتصالات نیوفلکس
",محصولات فوم,اتصالات تاسیساتی,اتصالات فاضلابی پلی پروپیلن
34425,855361382,تبدیل پوشفیت خارج از مرکز 125x160mm,نیوفلکس,لوله و اتصالات فاضلابی پوش فیت,361382,"کارتن اتصالات نیوفلکس
",محصولات فوم,اتصالات تاسیساتی,اتصالات فاضلابی پلی پروپیلن
34426,855361446,تبدیل پوشفیت سایلنت خارج از مرکز 50x75mm,نیوفلکس,لوله و اتصالات فاضلابی پوش فیت سایلنت,361446,"کارتن اتصالات نیوفلکس
",محصولات فوم,اتصالات تاسیساتی,اتصالات فاضلابی پلی پروپیلن
34427,855361458,تبدیل پوشفیت سایلنت خارج از مرکز 50x110mm,نیوفلکس,لوله و اتصالات فاضلابی پوش فیت سایلنت,361458,"کارتن اتصالات نیوفلکس
",محصولات فوم,اتصالات تاسیساتی,اتصالات فاضلابی پلی پروپیلن
34428,855361466,تبدیل پوشفیت سایلنت خارج از مرکز 75x110mm,نیوفلکس,لوله و اتصالات فاضلابی پوش فیت سایلنت,361466,"کارتن اتصالات نیوفلکس
",محصولات فوم,اتصالات تاسیساتی,اتصالات فاضلابی پلی پروپیلن
34429,855361474,تبدیل پوشفیت سایلنت خارج از مرکز 110x125mm,نیوفلکس,لوله و اتصالات فاضلابی پوش فیت سایلنت,361474,"کارتن اتصالات نیوفلکس
",محصولات فوم,اتصالات تاسیساتی,اتصالات فاضلابی پلی پروپیلن
34430,855361478,تبدیل پوشفیت سایلنت خارج از مرکز 110x160mm,نیوفلکس,لوله و اتصالات فاضلابی پوش فیت سایلنت,361478,"کارتن اتصالات نیوفلکس
",محصولات فوم,اتصالات تاسیساتی,اتصالات فاضلابی پلی پروپیلن
34431,855361482,تبدیل پوشفیت سایلنت خارج از مرکز 125x160mm,نیوفلکس,لوله و اتصالات فاضلابی پوش فیت سایلنت,361482,"کارتن اتصالات نیوفلکس
",محصولات فوم,اتصالات تاسیساتی,اتصالات فاضلابی پلی پروپیلن
34432,855361502,زانو پوشفیت 45 درجه 50mm,نیوفلکس,لوله و اتصالات فاضلابی پوش فیت,361502,"کارتن اتصالات نیوفلکس
",محصولات فوم,اتصالات تاسیساتی,اتصالات فاضلابی پلی پروپیلن
34433,855361506,زانو پوشفیت 87 درجه 50mm,نیوفلکس,لوله و اتصالات فاضلابی پوش فیت,361506,"کارتن اتصالات نیوفلکس
",محصولات فوم,اتصالات تاسیساتی,اتصالات فاضلابی پلی پروپیلن
34434,855361510,زانو پوشفیت 45 درجه 63mm,نیوفلکس,لوله و اتصالات فاضلابی پوش فیت,361510,"کارتن اتصالات نیوفلکس
",محصولات فوم,اتصالات تاسیساتی,اتصالات فاضلابی پلی پروپیلن
34435,855361514,زانو پوشفیت 87 درجه 63mm,نیوفلکس,لوله و اتصالات فاضلابی پوش فیت,361514,"کارتن اتصالات نیوفلکس
",محصولات فوم,اتصالات تاسیساتی,اتصالات فاضلابی پلی پروپیلن
34436,855361518,زانو پوشفیت 45 درجه 75mm,نیوفلکس,لوله و اتصالات فاضلابی پوش فیت,361518,"کارتن اتصالات نیوفلکس
",محصولات فوم,اتصالات تاسیساتی,اتصالات فاضلابی پلی پروپیلن
34437,855361522,زانو پوشفیت 87 درجه 75mm,نیوفلکس,لوله و اتصالات فاضلابی پوش فیت,361522,"کارتن اتصالات نیوفلکس
",محصولات فوم,اتصالات تاسیساتی,اتصالات فاضلابی پلی پروپیلن
34438,855361526,زانو پوشفیت 45 درجه 90mm,نیوفلکس,لوله و اتصالات فاضلابی پوش فیت,361526,"کارتن اتصالات نیوفلکس
",محصولات فوم,اتصالات تاسیساتی,اتصالات فاضلابی پلی پروپیلن
34439,855361530,زانو پوشفیت 87 درجه 90mm,نیوفلکس,لوله و اتصالات فاضلابی پوش فیت,361530,"کارتن اتصالات نیوفلکس
",محصولات فوم,اتصالات تاسیساتی,اتصالات فاضلابی پلی پروپیلن
34440,855361534,زانو پوشفیت 45 درجه 110mm,نیوفلکس,لوله و اتصالات فاضلابی پوش فیت,361534,"کارتن اتصالات نیوفلکس
",محصولات فوم,اتصالات تاسیساتی,اتصالات فاضلابی پلی پروپیلن
34441,855361538,زانو پوشفیت 87 درجه 110mm,نیوفلکس,لوله و اتصالات فاضلابی پوش فیت,361538,"کارتن اتصالات نیوفلکس
",محصولات فوم,اتصالات تاسیساتی,اتصالات فاضلابی پلی پروپیلن
34442,855361542,زانو پوشفیت 45 درجه 125mm,نیوفلکس,لوله و اتصالات فاضلابی پوش فیت,361542,"کارتن اتصالات نیوفلکس
",محصولات فوم,اتصالات تاسیساتی,اتصالات فاضلابی پلی پروپیلن
34443,855361546,زانو پوشفیت 87 درجه 125mm,نیوفلکس,لوله و اتصالات فاضلابی پوش فیت,361546,"کارتن اتصالات نیوفلکس
",محصولات فوم,اتصالات تاسیساتی,اتصالات فاضلابی پلی پروپیلن
34444,855361550,زانو پوشفیت 45 درجه 160mm,نیوفلکس,لوله و اتصالات فاضلابی پوش فیت,361550,"کارتن اتصالات نیوفلکس
",محصولات فوم,اتصالات تاسیساتی,اتصالات فاضلابی پلی پروپیلن
34445,855361554,زانو پوشفیت 87 درجه 160mm,نیوفلکس,لوله و اتصالات فاضلابی پوش فیت,361554,"کارتن اتصالات نیوفلکس
",محصولات فوم,اتصالات تاسیساتی,اتصالات فاضلابی پلی پروپیلن
34446,855361602,زانو پوشفیت سایلنت 45 درجه 50mm,نیوفلکس,لوله و اتصالات فاضلابی پوش فیت سایلنت,361602,"کارتن اتصالات نیوفلکس
",محصولات فوم,اتصالات تاسیساتی,اتصالات فاضلابی پلی پروپیلن
34447,855361606,زانو پوشفیت سایلنت 87 درجه 50mm,نیوفلکس,لوله و اتصالات فاضلابی پوش فیت سایلنت,361606,"کارتن اتصالات نیوفلکس
",محصولات فوم,اتصالات تاسیساتی,اتصالات فاضلابی پلی پروپیلن
34448,855361618,زانو پوشفیت سایلنت 45 درجه 75mm,نیوفلکس,لوله و اتصالات فاضلابی پوش فیت سایلنت,361618,"کارتن اتصالات نیوفلکس
",محصولات فوم,اتصالات تاسیساتی,اتصالات فاضلابی پلی پروپیلن
34449,855361622,زانو پوشفیت سایلنت 87 درجه 75mm,نیوفلکس,لوله و اتصالات فاضلابی پوش فیت سایلنت,361622,"کارتن اتصالات نیوفلکس
",محصولات فوم,اتصالات تاسیساتی,اتصالات فاضلابی پلی پروپیلن
34450,855361634,زانو پوشفیت سایلنت 45 درجه 110mm,نیوفلکس,لوله و اتصالات فاضلابی پوش فیت سایلنت,361634,"کارتن اتصالات نیوفلکس
",محصولات فوم,اتصالات تاسیساتی,اتصالات فاضلابی پلی پروپیلن
34451,855361638,زانو پوشفیت سایلنت 87 درجه 110mm,نیوفلکس,لوله و اتصالات فاضلابی پوش فیت سایلنت,361638,"کارتن اتصالات نیوفلکس
",محصولات فوم,اتصالات تاسیساتی,اتصالات فاضلابی پلی پروپیلن
34452,855361642,زانو پوشفیت سایلنت 45 درجه 125mm,نیوفلکس,لوله و اتصالات فاضلابی پوش فیت سایلنت,361642,"کارتن اتصالات نیوفلکس
",محصولات فوم,اتصالات تاسیساتی,اتصالات فاضلابی پلی پروپیلن
34453,855361646,زانو پوشفیت سایلنت 87 درجه 125mm,نیوفلکس,لوله و اتصالات فاضلابی پوش فیت سایلنت,361646,"کارتن اتصالات نیوفلکس
",محصولات فوم,اتصالات تاسیساتی,اتصالات فاضلابی پلی پروپیلن
34454,855361650,زانو پوشفیت سایلنت 45 درجه 160mm,نیوفلکس,لوله و اتصالات فاضلابی پوش فیت سایلنت,361650,"کارتن اتصالات نیوفلکس
",محصولات فوم,اتصالات تاسیساتی,اتصالات فاضلابی پلی پروپیلن
34455,855361654,زانو پوشفیت سایلنت 87 درجه 160mm,نیوفلکس,لوله و اتصالات فاضلابی پوش فیت سایلنت,361654,"کارتن اتصالات نیوفلکس
",محصولات فوم,اتصالات تاسیساتی,اتصالات فاضلابی پلی پروپیلن
34456,855361702,زانو پوشفیت 45 درجه ونت دار 63x50mm,نیوفلکس,لوله و اتصالات فاضلابی پوش فیت,361702,"کارتن اتصالات نیوفلکس
",محصولات فوم,اتصالات تاسیساتی,اتصالات فاضلابی پلی پروپیلن
34457,855361706,زانو پوشفیت 87 درجه ونت دار63x50mm,نیوفلکس,لوله و اتصالات فاضلابی پوش فیت,361706,"کارتن اتصالات نیوفلکس
",محصولات فوم,اتصالات تاسیساتی,اتصالات فاضلابی پلی پروپیلن
34458,855361710,زانو پوشفیت 45 درجه ونت دار 110x50mm,نیوفلکس,لوله و اتصالات فاضلابی پوش فیت,361710,"کارتن اتصالات نیوفلکس
",محصولات فوم,اتصالات تاسیساتی,اتصالات فاضلابی پلی پروپیلن
34459,855361714,زانو پوشفیت 87 درجه ونت دار110x50mm,نیوفلکس,لوله و اتصالات فاضلابی پوش فیت,361714,"کارتن اتصالات نیوفلکس
",محصولات فوم,اتصالات تاسیساتی,اتصالات فاضلابی پلی پروپیلن
34460,855361810,زانو پوشفیت سایلنت 45 درجه ونت دار 50x110mm,نیوفلکس,لوله و اتصالات فاضلابی پوش فیت سایلنت,361810,"کارتن اتصالات نیوفلکس
",محصولات فوم,اتصالات تاسیساتی,اتصالات فاضلابی پلی پروپیلن
34461,855361814,زانو پوشفیت سایلنت 87 درجه ونت دار 50x110mm,نیوفلکس,لوله و اتصالات فاضلابی پوش فیت سایلنت,361814,"کارتن اتصالات نیوفلکس
",محصولات فوم,اتصالات تاسیساتی,اتصالات فاضلابی پلی پروپیلن
34462,855361841,زانو پوشفیت 50mm جهت ارتباط با ظرفشوئی و ...,نیوفلکس,لوله و اتصالات فاضلابی پوش فیت,361841,"کارتن اتصالات نیوفلکس
",محصولات فوم,اتصالات تاسیساتی,اتصالات فاضلابی پلی پروپیلن
34463,855361845,لاستیک ارتباطی 30x50mm فاضلاب ظرفشوئی و …,نیوفلکس,لوله و اتصالات فاضلابی پوش فیت,361845,"کارتن اتصالات نیوفلکس
",محصولات فوم,اتصالات تاسیساتی,اتصالات فاضلابی پلی پروپیلن
34464,855361585,درپوش لاستیکی سایز  110mm,نیوفلکس,لوله و اتصالات فاضلابی پوش فیت,361585,"کارتن اتصالات نیوفلکس
",محصولات فوم,اتصالات تاسیساتی,اتصالات فاضلابی پلی پروپیلن
34465,855361589,درپوش لاستیکی سایز  125mm,نیوفلکس,لوله و اتصالات فاضلابی پوش فیت,361589,"کارتن اتصالات نیوفلکس
",محصولات فوم,اتصالات تاسیساتی,اتصالات فاضلابی پلی پروپیلن
34466,855361593,درپوش لاستیکی سایز  160mm,نیوفلکس,لوله و اتصالات فاضلابی پوش فیت,361593,"کارتن اتصالات نیوفلکس
",محصولات فوم,اتصالات تاسیساتی,اتصالات فاضلابی پلی پروپیلن
34467,855361597,دریچه بازدید گرد فاضلابی,نیوفلکس,لوله و اتصالات فاضلابی پوش فیت,361597,"کارتن اتصالات نیوفلکس
",محصولات فوم,اتصالات تاسیساتی,اتصالات فاضلابی پلی پروپیلن
34468,855361902,سه راهی پوشفیت 87 درجه 50mm,نیوفلکس,لوله و اتصالات فاضلابی پوش فیت,361902,"کارتن اتصالات نیوفلکس
",محصولات فوم,اتصالات تاسیساتی,اتصالات فاضلابی پلی پروپیلن
34469,855361906,سه راهی پوشفیت 87 درجه 63x50mm,نیوفلکس,لوله و اتصالات فاضلابی پوش فیت,361906,"کارتن اتصالات نیوفلکس
",محصولات فوم,اتصالات تاسیساتی,اتصالات فاضلابی پلی پروپیلن
34470,855361910,سه راهی پوشفیت 87 درجه 63mm,نیوفلکس,لوله و اتصالات فاضلابی پوش فیت,361910,"کارتن اتصالات نیوفلکس
",محصولات فوم,اتصالات تاسیساتی,اتصالات فاضلابی پلی پروپیلن
34471,855361914,سه راهی پوشفیت 87 درجه 50x75mm,نیوفلکس,لوله و اتصالات فاضلابی پوش فیت,361914,"کارتن اتصالات نیوفلکس
",محصولات فوم,اتصالات تاسیساتی,اتصالات فاضلابی پلی پروپیلن
34472,855361918,سه راهی پوشفیت 87 درجه 63x75mm,نیوفلکس,لوله و اتصالات فاضلابی پوش فیت,361918,"کارتن اتصالات نیوفلکس
",محصولات فوم,اتصالات تاسیساتی,اتصالات فاضلابی پلی پروپیلن
34473,855361922,سه راهی پوشفیت 87 درجه 75mm,نیوفلکس,لوله و اتصالات فاضلابی پوش فیت,361922,"کارتن اتصالات نیوفلکس
",محصولات فوم,اتصالات تاسیساتی,اتصالات فاضلابی پلی پروپیلن
34474,855361926,سه راهی پوشفیت 87 درجه 63x90mm,نیوفلکس,لوله و اتصالات فاضلابی پوش فیت,361926,"کارتن اتصالات نیوفلکس
",محصولات فوم,اتصالات تاسیساتی,اتصالات فاضلابی پلی پروپیلن
34475,855361930,سه راهی پوشفیت 87 درجه 75x90mm,نیوفلکس,لوله و اتصالات فاضلابی پوش فیت,361930,"کارتن اتصالات نیوفلکس
",محصولات فوم,اتصالات تاسیساتی,اتصالات فاضلابی پلی پروپیلن
34476,855361934,سه راهی پوشفیت 87 درجه 90mm,نیوفلکس,لوله و اتصالات فاضلابی پوش فیت,361934,"کارتن اتصالات نیوفلکس
",محصولات فوم,اتصالات تاسیساتی,اتصالات فاضلابی پلی پروپیلن
34477,855361938,سه راهی پوشفیت 87 درجه 50x110mm,نیوفلکس,لوله و اتصالات فاضلابی پوش فیت,361938,"کارتن اتصالات نیوفلکس
",محصولات فوم,اتصالات تاسیساتی,اتصالات فاضلابی پلی پروپیلن
34478,855361942,سه راهی پوشفیت 87 درجه 63x110mm,نیوفلکس,لوله و اتصالات فاضلابی پوش فیت,361942,"کارتن اتصالات نیوفلکس
",محصولات فوم,اتصالات تاسیساتی,اتصالات فاضلابی پلی پروپیلن
34479,855361946,سه راهی پوشفیت 87 درجه 90x110mm,نیوفلکس,لوله و اتصالات فاضلابی پوش فیت,361946,"کارتن اتصالات نیوفلکس
",محصولات فوم,اتصالات تاسیساتی,اتصالات فاضلابی پلی پروپیلن
34480,855361950,سه راهی پوشفیت 87 درجه 110mm,نیوفلکس,لوله و اتصالات فاضلابی پوش فیت,361950,"کارتن اتصالات نیوفلکس
",محصولات فوم,اتصالات تاسیساتی,اتصالات فاضلابی پلی پروپیلن
34481,855361954,سه راهی پوشفیت 87 درجه 110x125mm,نیوفلکس,لوله و اتصالات فاضلابی پوش فیت,361954,"کارتن اتصالات نیوفلکس
",محصولات فوم,اتصالات تاسیساتی,اتصالات فاضلابی پلی پروپیلن
34482,855361958,سه راهی پوشفیت 87 درجه 125mm,نیوفلکس,لوله و اتصالات فاضلابی پوش فیت,361958,"کارتن اتصالات نیوفلکس
",محصولات فوم,اتصالات تاسیساتی,اتصالات فاضلابی پلی پروپیلن
34483,855361962,سه راهی پوشفیت 87 درجه 110x160mm,نیوفلکس,لوله و اتصالات فاضلابی پوش فیت,361962,"کارتن اتصالات نیوفلکس
",محصولات فوم,اتصالات تاسیساتی,اتصالات فاضلابی پلی پروپیلن
34484,855361966,سه راهی پوشفیت 87 درجه 125x160mm,نیوفلکس,لوله و اتصالات فاضلابی پوش فیت,361966,"کارتن اتصالات نیوفلکس
",محصولات فوم,اتصالات تاسیساتی,اتصالات فاضلابی پلی پروپیلن
34485,855361970,سه راهی پوشفیت 87 درجه 160mm,نیوفلکس,لوله و اتصالات فاضلابی پوش فیت,361970,"کارتن اتصالات نیوفلکس
",محصولات فوم,اتصالات تاسیساتی,اتصالات فاضلابی پلی پروپیلن
34486,855362102,سه راهی پوشفیت 45 درجه 50mm,نیوفلکس,لوله و اتصالات فاضلابی پوش فیت,362102,"کارتن اتصالات نیوفلکس
",محصولات فوم,اتصالات تاسیساتی,اتصالات فاضلابی پلی پروپیلن
34487,855362106,سه راهی پوشفیت 45 درجه 50x63mm,نیوفلکس,لوله و اتصالات فاضلابی پوش فیت,362106,"کارتن اتصالات نیوفلکس
",محصولات فوم,اتصالات تاسیساتی,اتصالات فاضلابی پلی پروپیلن
34488,855362110,سه راهی پوشفیت 45 درجه 63mm,نیوفلکس,لوله و اتصالات فاضلابی پوش فیت,362110,"کارتن اتصالات نیوفلکس
",محصولات فوم,اتصالات تاسیساتی,اتصالات فاضلابی پلی پروپیلن
34489,855362114,سه راهی پوشفیت 45 درجه 50x75mm,نیوفلکس,لوله و اتصالات فاضلابی پوش فیت,362114,"کارتن اتصالات نیوفلکس
",محصولات فوم,اتصالات تاسیساتی,اتصالات فاضلابی پلی پروپیلن
34490,855362118,سه راهی پوشفیت 45 درجه 75mm,نیوفلکس,لوله و اتصالات فاضلابی پوش فیت,362118,"کارتن اتصالات نیوفلکس
",محصولات فوم,اتصالات تاسیساتی,اتصالات فاضلابی پلی پروپیلن
34491,855362122,سه راهی پوشفیت 45 درجه 90x63mm,نیوفلکس,لوله و اتصالات فاضلابی پوش فیت,362122,"کارتن اتصالات نیوفلکس
",محصولات فوم,اتصالات تاسیساتی,اتصالات فاضلابی پلی پروپیلن
34492,855362126,سه راهی پوشفیت 45 درجه 90mm,نیوفلکس,لوله و اتصالات فاضلابی پوش فیت,362126,"کارتن اتصالات نیوفلکس
",محصولات فوم,اتصالات تاسیساتی,اتصالات فاضلابی پلی پروپیلن
34493,855362130,سه راهی پوشفیت 45 درجه 50x110mm,نیوفلکس,لوله و اتصالات فاضلابی پوش فیت,362130,"کارتن اتصالات نیوفلکس
",محصولات فوم,اتصالات تاسیساتی,اتصالات فاضلابی پلی پروپیلن
34494,855362134,سه راهی پوشفیت 45 درجه 63x110mm,نیوفلکس,لوله و اتصالات فاضلابی پوش فیت,362134,"کارتن اتصالات نیوفلکس
",محصولات فوم,اتصالات تاسیساتی,اتصالات فاضلابی پلی پروپیلن
34495,855362138,سه راهی پوشفیت 45 درجه 75x110mm,نیوفلکس,لوله و اتصالات فاضلابی پوش فیت,362138,"کارتن اتصالات نیوفلکس
",محصولات فوم,اتصالات تاسیساتی,اتصالات فاضلابی پلی پروپیلن
34496,855362142,سه راهی پوشفیت 45 درجه 90x110mm,نیوفلکس,لوله و اتصالات فاضلابی پوش فیت,362142,"کارتن اتصالات نیوفلکس
",محصولات فوم,اتصالات تاسیساتی,اتصالات فاضلابی پلی پروپیلن
34497,855362146,سه راهی پوشفیت 45 درجه 110mm,نیوفلکس,لوله و اتصالات فاضلابی پوش فیت,362146,"کارتن اتصالات نیوفلکس
",محصولات فوم,اتصالات تاسیساتی,اتصالات فاضلابی پلی پروپیلن
34498,855362150,سه راهی پوشفیت 45 درجه 110x125mm,نیوفلکس,لوله و اتصالات فاضلابی پوش فیت,362150,"کارتن اتصالات نیوفلکس
",محصولات فوم,اتصالات تاسیساتی,اتصالات فاضلابی پلی پروپیلن
34499,855362154,سه راهی پوشفیت 45 درجه 125mm,نیوفلکس,لوله و اتصالات فاضلابی پوش فیت,362154,"کارتن اتصالات نیوفلکس
",محصولات فوم,اتصالات تاسیساتی,اتصالات فاضلابی پلی پروپیلن
34500,855362158,سه راهی پوشفیت 45 درجه 110x160mm,نیوفلکس,لوله و اتصالات فاضلابی پوش فیت,362158,"کارتن اتصالات نیوفلکس
",محصولات فوم,اتصالات تاسیساتی,اتصالات فاضلابی پلی پروپیلن
34501,855362162,سه راهی پوشفیت 45 درجه 125x160mm,نیوفلکس,لوله و اتصالات فاضلابی پوش فیت,362162,"کارتن اتصالات نیوفلکس
",محصولات فوم,اتصالات تاسیساتی,اتصالات فاضلابی پلی پروپیلن
34502,855362166,سه راهی پوشفیت 45 درجه 160mm,نیوفلکس,لوله و اتصالات فاضلابی پوش فیت,362166,"کارتن اتصالات نیوفلکس
",محصولات فوم,اتصالات تاسیساتی,اتصالات فاضلابی پلی پروپیلن
34503,855362202,سه راهی پوشفیت سایلنت 45 درجه 50mm,نیوفلکس,لوله و اتصالات فاضلابی پوش فیت سایلنت,362202,"کارتن اتصالات نیوفلکس
",محصولات فوم,اتصالات تاسیساتی,اتصالات فاضلابی پلی پروپیلن
34504,855362214,سه راهی پوشفیت سایلنت 45 درجه 50x75mm,نیوفلکس,لوله و اتصالات فاضلابی پوش فیت سایلنت,362214,"کارتن اتصالات نیوفلکس
",محصولات فوم,اتصالات تاسیساتی,اتصالات فاضلابی پلی پروپیلن
34505,855362218,سه راهی پوشفیت سایلنت 45 درجه 75mm,نیوفلکس,لوله و اتصالات فاضلابی پوش فیت سایلنت,362218,"کارتن اتصالات نیوفلکس
",محصولات فوم,اتصالات تاسیساتی,اتصالات فاضلابی پلی پروپیلن
34506,855362230,سه راهی پوشفیت سایلنت 45 درجه 50x110mm,نیوفلکس,لوله و اتصالات فاضلابی پوش فیت سایلنت,362230,"کارتن اتصالات نیوفلکس
",محصولات فوم,اتصالات تاسیساتی,اتصالات فاضلابی پلی پروپیلن
34507,855362238,سه راهی پوشفیت سایلنت 45 درجه 75x110mm,نیوفلکس,لوله و اتصالات فاضلابی پوش فیت سایلنت,362238,"کارتن اتصالات نیوفلکس
",محصولات فوم,اتصالات تاسیساتی,اتصالات فاضلابی پلی پروپیلن
34508,855362246,سه راهی پوشفیت سایلنت 45 درجه 110mm,نیوفلکس,لوله و اتصالات فاضلابی پوش فیت سایلنت,362246,"کارتن اتصالات نیوفلکس
",محصولات فوم,اتصالات تاسیساتی,اتصالات فاضلابی پلی پروپیلن
34509,855362250,سه راهی پوشفیت سایلنت 45 درجه 110x125mm,نیوفلکس,لوله و اتصالات فاضلابی پوش فیت سایلنت,362250,"کارتن اتصالات نیوفلکس
",محصولات فوم,اتصالات تاسیساتی,اتصالات فاضلابی پلی پروپیلن
34510,855362254,سه راهی پوشفیت سایلنت 45 درجه 125mm,نیوفلکس,لوله و اتصالات فاضلابی پوش فیت سایلنت,362254,"کارتن اتصالات نیوفلکس
",محصولات فوم,اتصالات تاسیساتی,اتصالات فاضلابی پلی پروپیلن
34511,855362258,سه راهی پوشفیت سایلنت 45 درجه 110x160mm,نیوفلکس,لوله و اتصالات فاضلابی پوش فیت سایلنت,362258,"کارتن اتصالات نیوفلکس
",محصولات فوم,اتصالات تاسیساتی,اتصالات فاضلابی پلی پروپیلن
34512,855362262,سه راهی پوشفیت سایلنت 45 درجه 125x160mm,نیوفلکس,لوله و اتصالات فاضلابی پوش فیت سایلنت,362262,"کارتن اتصالات نیوفلکس
",محصولات فوم,اتصالات تاسیساتی,اتصالات فاضلابی پلی پروپیلن
34513,855362266,سه راهی پوشفیت سایلنت 45 درجه 160mm,نیوفلکس,لوله و اتصالات فاضلابی پوش فیت سایلنت,362266,"کارتن اتصالات نیوفلکس
",محصولات فوم,اتصالات تاسیساتی,اتصالات فاضلابی پلی پروپیلن
34514,855362002,سه راهی پوشفیت سایلنت 87 درجه 50mm,نیوفلکس,لوله و اتصالات فاضلابی پوش فیت سایلنت,362002,"کارتن اتصالات نیوفلکس
",محصولات فوم,اتصالات تاسیساتی,اتصالات فاضلابی پلی پروپیلن
34515,855362014,سه راهی پوشفیت سایلنت 87 درجه 50x75mm,نیوفلکس,لوله و اتصالات فاضلابی پوش فیت سایلنت,362014,"کارتن اتصالات نیوفلکس
",محصولات فوم,اتصالات تاسیساتی,اتصالات فاضلابی پلی پروپیلن
34516,855362022,سه راهی پوشفیت سایلنت 87 درجه 75mm,نیوفلکس,لوله و اتصالات فاضلابی پوش فیت سایلنت,362022,"کارتن اتصالات نیوفلکس
",محصولات فوم,اتصالات تاسیساتی,اتصالات فاضلابی پلی پروپیلن
34517,855362038,سه راهی پوشفیت سایلنت 87 درجه 50x110mm,نیوفلکس,لوله و اتصالات فاضلابی پوش فیت سایلنت,362038,"کارتن اتصالات نیوفلکس
",محصولات فوم,اتصالات تاسیساتی,اتصالات فاضلابی پلی پروپیلن
34518,855362050,سه راهی پوشفیت سایلنت 87 درجه 110mm,نیوفلکس,لوله و اتصالات فاضلابی پوش فیت سایلنت,362050,"کارتن اتصالات نیوفلکس
",محصولات فوم,اتصالات تاسیساتی,اتصالات فاضلابی پلی پروپیلن
34519,855362054,سه راهی پوشفیت سایلنت 87 درجه 110x125mm,نیوفلکس,لوله و اتصالات فاضلابی پوش فیت سایلنت,362054,"کارتن اتصالات نیوفلکس
",محصولات فوم,اتصالات تاسیساتی,اتصالات فاضلابی پلی پروپیلن
34520,855362058,سه راهی پوشفیت سایلنت 87 درجه 125mm,نیوفلکس,لوله و اتصالات فاضلابی پوش فیت سایلنت,362058,"کارتن اتصالات نیوفلکس
",محصولات فوم,اتصالات تاسیساتی,اتصالات فاضلابی پلی پروپیلن
34521,855362062,سه راهی پوشفیت سایلنت 87 درجه 110x160mm,نیوفلکس,لوله و اتصالات فاضلابی پوش فیت سایلنت,362062,"کارتن اتصالات نیوفلکس
",محصولات فوم,اتصالات تاسیساتی,اتصالات فاضلابی پلی پروپیلن
34522,855362066,سه راهی پوشفیت سایلنت 87 درجه 125x160mm,نیوفلکس,لوله و اتصالات فاضلابی پوش فیت سایلنت,362066,"کارتن اتصالات نیوفلکس
",محصولات فوم,اتصالات تاسیساتی,اتصالات فاضلابی پلی پروپیلن
34523,855362070,سه راهی پوشفیت سایلنت 87 درجه 160mm,نیوفلکس,لوله و اتصالات فاضلابی پوش فیت سایلنت,362070,"کارتن اتصالات نیوفلکس
",محصولات فوم,اتصالات تاسیساتی,اتصالات فاضلابی پلی پروپیلن
34524,855361734,انشعاب پوشفیت دوبل 67 درجه 110mm,نیوفلکس,لوله و اتصالات فاضلابی پوش فیت,361734,"کارتن اتصالات نیوفلکس
",محصولات فوم,اتصالات تاسیساتی,اتصالات فاضلابی پلی پروپیلن
34525,855362302,درپوش پوشفیت 50mm,نیوفلکس,لوله و اتصالات فاضلابی پوش فیت,362302,"کارتن اتصالات نیوفلکس
",محصولات فوم,اتصالات تاسیساتی,اتصالات فاضلابی پلی پروپیلن
34526,855362306,درپوش پوشفیت 63mm,نیوفلکس,لوله و اتصالات فاضلابی پوش فیت,362306,"کارتن اتصالات نیوفلکس
",محصولات فوم,اتصالات تاسیساتی,اتصالات فاضلابی پلی پروپیلن
34527,855362310,درپوش پوشفیت 75mm,نیوفلکس,لوله و اتصالات فاضلابی پوش فیت,362310,"کارتن اتصالات نیوفلکس
",محصولات فوم,اتصالات تاسیساتی,اتصالات فاضلابی پلی پروپیلن
34528,855362314,درپوش پوشفیت 90mm,نیوفلکس,لوله و اتصالات فاضلابی پوش فیت,362314,"کارتن اتصالات نیوفلکس
",محصولات فوم,اتصالات تاسیساتی,اتصالات فاضلابی پلی پروپیلن
34529,855362318,درپوش پوشفیت 110mm,نیوفلکس,لوله و اتصالات فاضلابی پوش فیت,362318,"کارتن اتصالات نیوفلکس
",محصولات فوم,اتصالات تاسیساتی,اتصالات فاضلابی پلی پروپیلن
34530,855362322,درپوش پوشفیت 125mm,نیوفلکس,لوله و اتصالات فاضلابی پوش فیت,362322,"کارتن اتصالات نیوفلکس
",محصولات فوم,اتصالات تاسیساتی,اتصالات فاضلابی پلی پروپیلن
34531,855362326,درپوش پوشفیت 160mm,نیوفلکس,لوله و اتصالات فاضلابی پوش فیت,362326,"کارتن اتصالات نیوفلکس
",محصولات فوم,اتصالات تاسیساتی,اتصالات فاضلابی پلی پروپیلن
34532,855362402,درپوش پوشفیت سایلنت 50mm,نیوفلکس,لوله و اتصالات فاضلابی پوش فیت سایلنت,362402,"کارتن اتصالات نیوفلکس
",محصولات فوم,اتصالات تاسیساتی,اتصالات فاضلابی پلی پروپیلن
34533,855362410,درپوش پوشفیت سایلنت 75mm,نیوفلکس,لوله و اتصالات فاضلابی پوش فیت سایلنت,362410,"کارتن اتصالات نیوفلکس
",محصولات فوم,اتصالات تاسیساتی,اتصالات فاضلابی پلی پروپیلن
34534,855362418,درپوش پوشفیت سایلنت 110mm,نیوفلکس,لوله و اتصالات فاضلابی پوش فیت سایلنت,362418,"کارتن اتصالات نیوفلکس
",محصولات فوم,اتصالات تاسیساتی,اتصالات فاضلابی پلی پروپیلن
34535,855362422,درپوش پوشفیت سایلنت 125mm,نیوفلکس,لوله و اتصالات فاضلابی پوش فیت سایلنت,362422,"کارتن اتصالات نیوفلکس
",محصولات فوم,اتصالات تاسیساتی,اتصالات فاضلابی پلی پروپیلن
34536,855362426,درپوش پوشفیت سایلنت 160mm,نیوفلکس,لوله و اتصالات فاضلابی پوش فیت سایلنت,362426,"کارتن اتصالات نیوفلکس
",محصولات فوم,اتصالات تاسیساتی,اتصالات فاضلابی پلی پروپیلن
34537,855362502,دریچه بازدید پوشفیت 75mm,نیوفلکس,لوله و اتصالات فاضلابی پوش فیت,362502,"کارتن اتصالات نیوفلکس
",محصولات فوم,اتصالات تاسیساتی,اتصالات فاضلابی پلی پروپیلن
34538,855362506,دریچه بازدید پوشفیت 90mm,نیوفلکس,لوله و اتصالات فاضلابی پوش فیت,362506,"کارتن اتصالات نیوفلکس
",محصولات فوم,اتصالات تاسیساتی,اتصالات فاضلابی پلی پروپیلن
34539,855362510,دریچه بازدید پوشفیت 110mm,نیوفلکس,لوله و اتصالات فاضلابی پوش فیت,362510,"کارتن اتصالات نیوفلکس
",محصولات فوم,اتصالات تاسیساتی,اتصالات فاضلابی پلی پروپیلن
34540,855362514,دریچه بازدید پوشفیت 125mm,نیوفلکس,لوله و اتصالات فاضلابی پوش فیت,362514,"کارتن اتصالات نیوفلکس
",محصولات فوم,اتصالات تاسیساتی,اتصالات فاضلابی پلی پروپیلن
34541,855362518,دریچه بازدید پوشفیت 160mm,نیوفلکس,لوله و اتصالات فاضلابی پوش فیت,362518,"کارتن اتصالات نیوفلکس
",محصولات فوم,اتصالات تاسیساتی,اتصالات فاضلابی پلی پروپیلن
34542,855362702,دریچه بازدید انتهایی پوشفیت 75mm,نیوفلکس,لوله و اتصالات فاضلابی پوش فیت,362702,"کارتن اتصالات نیوفلکس
",محصولات فوم,اتصالات تاسیساتی,اتصالات فاضلابی پلی پروپیلن
34543,855362706,دریچه بازدید انتهایی پوشفیت 110mm,نیوفلکس,لوله و اتصالات فاضلابی پوش فیت,362706,"کارتن اتصالات نیوفلکس
",محصولات فوم,اتصالات تاسیساتی,اتصالات فاضلابی پلی پروپیلن
34544,855362602,دریچه بازدید پوشفیت سایلنت 75mm,نیوفلکس,لوله و اتصالات فاضلابی پوش فیت سایلنت,362602,"کارتن اتصالات نیوفلکس
",محصولات فوم,اتصالات تاسیساتی,اتصالات فاضلابی پلی پروپیلن
34545,855362606,دریچه بازدید پوشفیت سایلنت 110mm,نیوفلکس,لوله و اتصالات فاضلابی پوش فیت سایلنت,362606,"کارتن اتصالات نیوفلکس
",محصولات فوم,اتصالات تاسیساتی,اتصالات فاضلابی پلی پروپیلن
34546,855362610,دریچه بازدید پوشفیت سایلنت 125mm,نیوفلکس,لوله و اتصالات فاضلابی پوش فیت سایلنت,362610,"کارتن اتصالات نیوفلکس
",محصولات فوم,اتصالات تاسیساتی,اتصالات فاضلابی پلی پروپیلن
34547,855362614,دریچه بازدید پوشفیت سایلنت 160mm,نیوفلکس,لوله و اتصالات فاضلابی پوش فیت سایلنت,362614,"کارتن اتصالات نیوفلکس
",محصولات فوم,اتصالات تاسیساتی,اتصالات فاضلابی پلی پروپیلن
34548,855362802,دریچه بازدید انتهایی پوشفیت سایلنت 75mm,نیوفلکس,لوله و اتصالات فاضلابی پوش فیت سایلنت,362802,"کارتن اتصالات نیوفلکس
",محصولات فوم,اتصالات تاسیساتی,اتصالات فاضلابی پلی پروپیلن
34549,855362806,دریچه بازدید انتهایی پوشفیت سایلنت 110mm,نیوفلکس,لوله و اتصالات فاضلابی پوش فیت سایلنت,362806,"کارتن اتصالات نیوفلکس
",محصولات فوم,اتصالات تاسیساتی,اتصالات فاضلابی پلی پروپیلن
34550,855363006,سیفون 50mm یک تکه سایلنت(بالوله 75x600mm),نیوفلکس,لوله و اتصالات فاضلابی پوش فیت سایلنت,363006,"بسته سیفون نیوفلکس
",محصولات فوم,اتصالات تاسیساتی,اتصالات فاضلابی پلی پروپیلن
34551,855363002,سیفون 50mm یک تکه سایلنت(بالوله 75x200mm),نیوفلکس,لوله و اتصالات فاضلابی پوش فیت سایلنت,363002,"بسته سیفون نیوفلکس
",محصولات فوم,اتصالات تاسیساتی,اتصالات فاضلابی پلی پروپیلن
34552,855363010,سیفون 50mm یک تکه سایلنت(بالوله 75x750mm),نیوفلکس,لوله و اتصالات فاضلابی پوش فیت سایلنت,363010,"بسته سیفون نیوفلکس
",محصولات فوم,اتصالات تاسیساتی,اتصالات فاضلابی پلی پروپیلن
34553,855363014,سیفون 50mm یک تکه سایلنت(بالوله 75x900mm),نیوفلکس,لوله و اتصالات فاضلابی پوش فیت سایلنت,363014,"بسته سیفون نیوفلکس
",محصولات فوم,اتصالات تاسیساتی,اتصالات فاضلابی پلی پروپیلن
34554,855363054,سیفون 75mm یک تکه سایلنت(بالوله 75x600mm),نیوفلکس,لوله و اتصالات فاضلابی پوش فیت سایلنت,363054,"بسته سیفون نیوفلکس
",محصولات فوم,اتصالات تاسیساتی,اتصالات فاضلابی پلی پروپیلن
34555,855363050,سیفون 75mm یک تکه سایلنت(بالوله 75x200mm),نیوفلکس,لوله و اتصالات فاضلابی پوش فیت سایلنت,363050,"بسته سیفون نیوفلکس
",محصولات فوم,اتصالات تاسیساتی,اتصالات فاضلابی پلی پروپیلن
34556,855363058,سیفون 75mm یک تکه سایلنت(بالوله 75x750mm),نیوفلکس,لوله و اتصالات فاضلابی پوش فیت سایلنت,363058,"بسته سیفون نیوفلکس
",محصولات فوم,اتصالات تاسیساتی,اتصالات فاضلابی پلی پروپیلن
34557,855363062,سیفون 75mm یک تکه سایلنت(بالوله 75x900mm),نیوفلکس,لوله و اتصالات فاضلابی پوش فیت سایلنت,363062,"بسته سیفون نیوفلکس
",محصولات فوم,اتصالات تاسیساتی,اتصالات فاضلابی پلی پروپیلن
34558,855363082,سیفون 110mm یک تکه سایلنت(بالوله 125x200mm),نیوفلکس,لوله و اتصالات فاضلابی پوش فیت سایلنت,363082,"بسته سیفون نیوفلکس
",محصولات فوم,اتصالات تاسیساتی,اتصالات فاضلابی پلی پروپیلن
34559,855363086,سیفون 110mm یک تکه سایلنت(بالوله 125x600mm),نیوفلکس,لوله و اتصالات فاضلابی پوش فیت سایلنت,363086,"بسته سیفون نیوفلکس
",محصولات فوم,اتصالات تاسیساتی,اتصالات فاضلابی پلی پروپیلن
34560,855363090,سیفون 110mm یک تکه سایلنت(بالوله 125x750mm),نیوفلکس,لوله و اتصالات فاضلابی پوش فیت سایلنت,363090,"بسته سیفون نیوفلکس
",محصولات فوم,اتصالات تاسیساتی,اتصالات فاضلابی پلی پروپیلن
34561,855363094,سیفون 110mm یک تکه سایلنت(بالوله 125x900mm),نیوفلکس,لوله و اتصالات فاضلابی پوش فیت سایلنت,363094,"بسته سیفون نیوفلکس
",محصولات فوم,اتصالات تاسیساتی,اتصالات فاضلابی پلی پروپیلن
34562,855362906,سیفون PP-50mm یک تکه(بالوله 75x600mm),نیوفلکس,لوله و اتصالات فاضلابی پوش فیت,362906,"بسته سیفون نیوفلکس
",محصولات فوم,اتصالات تاسیساتی,اتصالات فاضلابی پلی پروپیلن
34563,855362902,سیفون PP-50mm یک تکه(بالوله 75x200mm),نیوفلکس,لوله و اتصالات فاضلابی پوش فیت,362902,"بسته سیفون نیوفلکس
",محصولات فوم,اتصالات تاسیساتی,اتصالات فاضلابی پلی پروپیلن
34564,855362910,سیفون PP-50mm یک تکه(بالوله 75x750mm),نیوفلکس,لوله و اتصالات فاضلابی پوش فیت,362910,"بسته سیفون نیوفلکس
",محصولات فوم,اتصالات تاسیساتی,اتصالات فاضلابی پلی پروپیلن
34565,855362914,سیفون PP-50mm یک تکه(بالوله 75x900mm),نیوفلکس,لوله و اتصالات فاضلابی پوش فیت,362914,"بسته سیفون نیوفلکس
",محصولات فوم,اتصالات تاسیساتی,اتصالات فاضلابی پلی پروپیلن
34566,855362922,سیفون PP-50mm یک تکه(بالوله 63x600mm),نیوفلکس,لوله و اتصالات فاضلابی پوش فیت,362922,"بسته سیفون نیوفلکس
",محصولات فوم,اتصالات تاسیساتی,اتصالات فاضلابی پلی پروپیلن
34567,855362918,سیفون PP-50mm یک تکه(بالوله 63x200mm),نیوفلکس,لوله و اتصالات فاضلابی پوش فیت,362918,"بسته سیفون نیوفلکس
",محصولات فوم,اتصالات تاسیساتی,اتصالات فاضلابی پلی پروپیلن
34568,855362926,سیفون PP-50mm یک تکه(بالوله 63x750mm),نیوفلکس,لوله و اتصالات فاضلابی پوش فیت,362926,"بسته سیفون نیوفلکس
",محصولات فوم,اتصالات تاسیساتی,اتصالات فاضلابی پلی پروپیلن
34569,855362930,سیفون PP-50mm یک تکه(بالوله 63x900mm),نیوفلکس,لوله و اتصالات فاضلابی پوش فیت,362930,"بسته سیفون نیوفلکس
",محصولات فوم,اتصالات تاسیساتی,اتصالات فاضلابی پلی پروپیلن
34570,855362938,سیفون PP-63mm یک تکه(بالوله 75x600mm),نیوفلکس,لوله و اتصالات فاضلابی پوش فیت,362938,"بسته سیفون نیوفلکس
",محصولات فوم,اتصالات تاسیساتی,اتصالات فاضلابی پلی پروپیلن
34571,855363138,سیفون PE-63mm یک تکه(بالوله 75x600mm),نیوفلکس,لوله و اتصالات فاضلابی پوش فیت,363138,"بسته سیفون نیوفلکس
",محصولات فوم,اتصالات تاسیساتی,اتصالات فاضلابی پلی پروپیلن
34572,855362934,سیفون PP-63mm یک تکه(بالوله 75x200mm),نیوفلکس,لوله و اتصالات فاضلابی پوش فیت,362934,"بسته سیفون نیوفلکس
",محصولات فوم,اتصالات تاسیساتی,اتصالات فاضلابی پلی پروپیلن
34573,855363134,سیفون PE-63mm یک تکه(بالوله 75x200mm),نیوفلکس,لوله و اتصالات فاضلابی پوش فیت,363134,"کارتن اتصالات نیوفلکس
",محصولات فوم,اتصالات تاسیساتی,اتصالات فاضلابی پلی پروپیلن
34574,855362942,سیفون PP-63mm یک تکه(بالوله 75x750mm),نیوفلکس,لوله و اتصالات فاضلابی پوش فیت,362942,"بسته سیفون نیوفلکس
",محصولات فوم,اتصالات تاسیساتی,اتصالات فاضلابی پلی پروپیلن
34575,855363142,سیفون PE-63mm یک تکه(بالوله 75x750mm),نیوفلکس,لوله و اتصالات فاضلابی پوش فیت,363142,"بسته سیفون نیوفلکس
",محصولات فوم,اتصالات تاسیساتی,اتصالات فاضلابی پلی پروپیلن
34576,855362946,سیفون PP-63mm یک تکه(بالوله 75x900mm),نیوفلکس,لوله و اتصالات فاضلابی پوش فیت,362946,"بسته سیفون نیوفلکس
",محصولات فوم,اتصالات تاسیساتی,اتصالات فاضلابی پلی پروپیلن
34577,855363146,سیفون PE-63mm یک تکه(بالوله 75x900mm),نیوفلکس,لوله و اتصالات فاضلابی پوش فیت,363146,"بسته سیفون نیوفلکس
",محصولات فوم,اتصالات تاسیساتی,اتصالات فاضلابی پلی پروپیلن
34578,855362954,سیفون PP-75mm یک تکه(بالوله 75x600mm),نیوفلکس,لوله و اتصالات فاضلابی پوش فیت,362954,"بسته سیفون نیوفلکس
",محصولات فوم,اتصالات تاسیساتی,اتصالات فاضلابی پلی پروپیلن
34579,855363154,سیفون PE-75mm یک تکه(بالوله 75x600mm),نیوفلکس,لوله و اتصالات فاضلابی پوش فیت,363154,"بسته سیفون نیوفلکس
",محصولات فوم,اتصالات تاسیساتی,اتصالات فاضلابی پلی پروپیلن
34580,855362950,سیفون PP-75mm یک تکه(بالوله 75x200mm),نیوفلکس,لوله و اتصالات فاضلابی پوش فیت,362950,"بسته سیفون نیوفلکس
",محصولات فوم,اتصالات تاسیساتی,اتصالات فاضلابی پلی پروپیلن
34581,855363150,سیفون PE-75mm یک تکه(بالوله 75x200mm),نیوفلکس,لوله و اتصالات فاضلابی پوش فیت,363150,"بسته سیفون نیوفلکس
",محصولات فوم,اتصالات تاسیساتی,اتصالات فاضلابی پلی پروپیلن
34582,855362958,سیفون PP-75mm یک تکه(بالوله 75x750mm),نیوفلکس,لوله و اتصالات فاضلابی پوش فیت,362958,"بسته سیفون نیوفلکس
",محصولات فوم,اتصالات تاسیساتی,اتصالات فاضلابی پلی پروپیلن
34583,855363158,سیفون PE-75mm یک تکه(بالوله 75x750mm),نیوفلکس,لوله و اتصالات فاضلابی پوش فیت,363158,"بسته سیفون نیوفلکس
",محصولات فوم,اتصالات تاسیساتی,اتصالات فاضلابی پلی پروپیلن
34584,855362962,سیفون PP-75mm یک تکه(بالوله 75x900mm),نیوفلکس,لوله و اتصالات فاضلابی پوش فیت,362962,"بسته سیفون نیوفلکس
",محصولات فوم,اتصالات تاسیساتی,اتصالات فاضلابی پلی پروپیلن
34585,855363162,سیفون PE-75mm یک تکه(بالوله 75x900mm),نیوفلکس,لوله و اتصالات فاضلابی پوش فیت,363162,"بسته سیفون نیوفلکس
",محصولات فوم,اتصالات تاسیساتی,اتصالات فاضلابی پلی پروپیلن
34586,855362970,سیفون PP-90mm یک تکه(بالوله 90x600mm),نیوفلکس,لوله و اتصالات فاضلابی پوش فیت,362970,"بسته سیفون نیوفلکس
",محصولات فوم,اتصالات تاسیساتی,اتصالات فاضلابی پلی پروپیلن
34587,855362966,سیفون PP-90mm یک تکه(بالوله 90x200mm),نیوفلکس,لوله و اتصالات فاضلابی پوش فیت,362966,"بسته سیفون نیوفلکس
",محصولات فوم,اتصالات تاسیساتی,اتصالات فاضلابی پلی پروپیلن
34588,855362974,سیفون PP-90mm یک تکه(بالوله 90x750mm),نیوفلکس,لوله و اتصالات فاضلابی پوش فیت,362974,"بسته سیفون نیوفلکس
",محصولات فوم,اتصالات تاسیساتی,اتصالات فاضلابی پلی پروپیلن
34589,855362978,سیفون PP-90mm یک تکه(بالوله 90x900mm),نیوفلکس,لوله و اتصالات فاضلابی پوش فیت,362978,"بسته سیفون نیوفلکس
",محصولات فوم,اتصالات تاسیساتی,اتصالات فاضلابی پلی پروپیلن
34590,855362986,سیفون PP-110mm یک تکه(بالوله 125x600mm),نیوفلکس,لوله و اتصالات فاضلابی پوش فیت,362986,"بسته سیفون نیوفلکس
",محصولات فوم,اتصالات تاسیساتی,اتصالات فاضلابی پلی پروپیلن
34591,855363238,سیفون PE-110mm یک تکه(بالوله 125x600mm),نیوفلکس,لوله و اتصالات فاضلابی پوش فیت,363238,"بسته سیفون نیوفلکس
",محصولات فوم,اتصالات تاسیساتی,اتصالات فاضلابی پلی پروپیلن
34592,855362982,سیفون PP-110mm یک تکه(بالوله 125x200mm),نیوفلکس,لوله و اتصالات فاضلابی پوش فیت,362982,"بسته سیفون نیوفلکس
",محصولات فوم,اتصالات تاسیساتی,اتصالات فاضلابی پلی پروپیلن
34593,855363234,سیفون PE-110mm یک تکه(بالوله 125x200mm),نیوفلکس,لوله و اتصالات فاضلابی پوش فیت,363234,"بسته سیفون نیوفلکس
",محصولات فوم,اتصالات تاسیساتی,اتصالات فاضلابی پلی پروپیلن
34594,855362990,سیفون PP-110mm یک تکه(بالوله 125x750mm),نیوفلکس,لوله و اتصالات فاضلابی پوش فیت,362990,"بسته سیفون نیوفلکس
",محصولات فوم,اتصالات تاسیساتی,اتصالات فاضلابی پلی پروپیلن
34595,855363242,سیفون PE-110mm یک تکه(بالوله 125x750mm),نیوفلکس,لوله و اتصالات فاضلابی پوش فیت,363242,"بسته سیفون نیوفلکس
",محصولات فوم,اتصالات تاسیساتی,اتصالات فاضلابی پلی پروپیلن
34596,855363246,سیفون PP-110mm یک تکه(بالوله 125x900mm),نیوفلکس,لوله و اتصالات فاضلابی پوش فیت,363246,"بسته سیفون نیوفلکس
",محصولات فوم,اتصالات تاسیساتی,اتصالات فاضلابی پلی پروپیلن
34597,855362994,سیفون PE-110mm یک تکه(بالوله 125x900mm),نیوفلکس,لوله و اتصالات فاضلابی پوش فیت,362994,"بسته سیفون نیوفلکس
",محصولات فوم,اتصالات تاسیساتی,اتصالات فاضلابی پلی پروپیلن
34598,855362995,سیفون PP-110mm یک تکه بالوله سوکتدار 250mm,نیوفلکس,لوله و اتصالات فاضلابی پوش فیت,362995,"بسته سیفون نیوفلکس
",محصولات فوم,اتصالات تاسیساتی,اتصالات فاضلابی پلی پروپیلن
34599,855362997,سیفون PP-110mm یک تکه بالوله سوکتدار 350mm,نیوفلکس,لوله و اتصالات فاضلابی پوش فیت,362997,"بسته سیفون نیوفلکس
",محصولات فوم,اتصالات تاسیساتی,اتصالات فاضلابی پلی پروپیلن
34600,855362999,سیفون PP-110mm یک تکه بالوله سوکتدار 600mm,نیوفلکس,لوله و اتصالات فاضلابی پوش فیت,362999,"بسته سیفون نیوفلکس
",محصولات فوم,اتصالات تاسیساتی,اتصالات فاضلابی پلی پروپیلن
34601,855363318,سیفون فاضلاب شهری سایز  110mm,نیوفلکس,لوله و اتصالات فاضلابی پوش فیت,363318,"بسته سیفون نیوفلکس
",محصولات فوم,اتصالات تاسیساتی,اتصالات فاضلابی پلی پروپیلن
34602,855363322,سیفون فاضلاب شهری سایز  125mm,نیوفلکس,لوله و اتصالات فاضلابی پوش فیت,363322,"کارتن اتصالات نیوفلکس
",محصولات فوم,اتصالات تاسیساتی,اتصالات فاضلابی پلی پروپیلن
34603,855363326,سیفون فاضلاب شهری سایز  160mm,نیوفلکس,لوله و اتصالات فاضلابی پوش فیت,363326,"بسته سیفون نیوفلکس
",محصولات فوم,اتصالات تاسیساتی,اتصالات فاضلابی پلی پروپیلن
34604,855363346,عصایی پلی اتیلن پشت بام 63mm,نیوفلکس,لوله و اتصالات فاضلابی پوش فیت,363346,نامشخص,انبار اصفهان,اتصالات تاسیساتی,اتصالات فاضلابی پلی پروپیلن
34605,855363354,عصایی پلی اتیلن پشت بام 90mm,نیوفلکس,لوله و اتصالات فاضلابی پوش فیت,363354,نامشخص,انبار اصفهان,اتصالات تاسیساتی,اتصالات فاضلابی پلی پروپیلن
34606,855363358,عصایی پلی اتیلن پشت بام 110mm,نیوفلکس,لوله و اتصالات فاضلابی پوش فیت,363358,نامشخص,انبار اصفهان,اتصالات تاسیساتی,اتصالات فاضلابی پلی پروپیلن
34607,855362351,انشعاب گیر رزوه ای (4تیکه)110,نیوفلکس,لوله و اتصالات فاضلابی پوش فیت,362351,"کارتن اتصالات نیوفلکس
",محصولات فوم,اتصالات تاسیساتی,اتصالات فاضلابی پلی پروپیلن
38279,891771288,مایع روان کننده پوش فیت تیوپی 200cc,نیوفلکس,لوله و اتصالات فاضلابی پوش فیت,771288,"کارتن اتصالات نیوفلکس
",محصولات فوم,مواد شیمیایی,نیمه جامدات
