BehcoCode,ProductMiniCode
855361502,0046
855361518,0053
855361506,0070
855361510,0082
855361534,0084
855362138,0110
855361522,0116
855362146,0131
855361902,0151
855361618,0186
837261050,0210
855361346,0214
837301050,0242
855361102,0248
855361602,0249
855361606,0261
855362102,0265
855362118,0272
855362510,0275
855361366,0277
837301110,0281
855361938,0287
855361914,0303
855362302,0304
855362130,0321
837302050,0332
855361110,0337
837301075,0341
855361542,0353
837302110,0363
855362310,0364
855362114,0380
855362134,0389
855361342,0398
837302075,0430
855362402,0443
855361922,0447
855361962,0459
855361358,0494
855362238,0511
855362106,0527
855361526,0535
855362150,0562
837261110,0587
855361918,0613
837441110,0615
855362314,0618
855361906,0640
837261075,0649
855361546,0655
855361350,0659
855362502,0660
855361950,0662
855361530,0668
855362158,0673
855361550,0688
855362706,0695
855361370,0714
855361554,0723
837141090,0724
855361106,0731
855361374,0744
855362142,0761
855361126,0762
855361646,0768
855361942,0779
855361378,0782
855362246,0786
855361734,0814
855362218,0817
855361638,0819
837281160,0824
855361446,0825
855362514,0831
855362322,0842
855361934,0843
837162110,0850
855361706,0851
837141075,0857
855361122,0867
855362122,0868
855362802,0869
837301160,0870
837121090,0879
837302063,0884
855362230,0885
855362014,0891
855361946,0897
855361362,0911
855362806,0912
855362418,0917
855361714,0920
855362166,0930
855361970,0931
837161075,0936
855362602,0937
837141050,0948
855362126,0949
855362410,0951
855361382,0966
855362154,0972
855362606,0973
855362610,0974
855361458,0977
837442110,0981
855362702,0984
837162063,0987
855361958,0989
855361954,0995
837162050,1004
855362422,1009
855361710,1015
837442050,1019
855361841,1021
837302090,1026
855362254,1027
837261090,1039
837401075,1045
855362162,1056
837302125,1058
855361702,1065
837421125,1075
855361650,1076
837301090,1086
837441075,1096
855361966,1103
837141063,1104
855362038,1111
855361474,1112
855361210,1118
855361354,1135
855362518,1136
855361926,1155
855362506,1162
855362250,1163
837301125,1164
855362022,1168
837161063,1189
837141125,1191
837162125,1203
855361218,1205
837121110,1209
855361642,1211
855362426,1215
855361654,1217
855362214,1235
837141110,1238
855361482,1267
837121063,1269
837161125,1271
855361466,1274
855361810,1278
837441050,1280
837162075,1289
855361930,1293
837442125,1302
837121075,1308
855362262,1313
837421050,1315
855362258,1317
855362058,1318
855362054,1330
855361478,1340
837401050,1373
837161090,1405
837421110,1440
855361222,1445
837441125,1452
855361814,1464
837421075,1465
837442160,1497
837121050,1504
837161050,1505
837161160,1510
855362266,1512
837141160,1525
837162160,1559
837281125,1597
855362110,1600
837421160,1604
837261063,1616
855361226,1643
837441160,1646
837302160,1671
855361622,1701
837442075,1725
837161110,1739
855362326,1748
837401110,2267
855361114,4411
855361118,4412
855361514,4413
855361538,4414
855361634,4415
855361910,4416
855362050,4419
855362306,4420
855362318,4421
855362042,4418
149695450,3715
149695463,3716
843121040,4188